ISO3,VACCINE_NAME,PRODUCT_NAME,COMPANY_NAME,AUTHORIZATION_DATE,START_DATE,END_DATE,COMMENT,DATA_SOURCE
GRL,Moderna - mRNA-1273,mRNA-1273,Moderna,,,,,OWID
FRO,Moderna - mRNA-1273,mRNA-1273,Moderna,,,,,OWID
FRO,Pfizer BioNTech - Comirnaty,Comirnaty,Pfizer BioNTech,,,,,OWID
SHN,AstraZeneca - AZD1222,AZD1222,AstraZeneca,,,,,OWID
JEY,Moderna - mRNA-1273,mRNA-1273,Moderna,,,,,OWID
JEY,AstraZeneca - AZD1222,AZD1222,AstraZeneca,,,,,OWID
JEY,Pfizer BioNTech - Comirnaty,Comirnaty,Pfizer BioNTech,,,,,OWID
BIH,AstraZeneca - AZD1222,AZD1222,AstraZeneca,,,,,OWID
BIH,Pfizer BioNTech - Comirnaty,Comirnaty,Pfizer BioNTech,,,,,OWID
BIH,Sinovac - CoronaVac,Coronavac,Sinovac,,,,,OWID
TUR,Pfizer BioNTech - Comirnaty,Comirnaty,Pfizer BioNTech,,,,,OWID
TUR,Sinovac - CoronaVac,Coronavac,Sinovac,,,,,OWID
TUR,Turkovac,,,,,,,OWID
GIB,AstraZeneca - AZD1222,AZD1222,AstraZeneca,,,,,OWID
GIB,Pfizer BioNTech - Comirnaty,Comirnaty,Pfizer BioNTech,,,,,OWID
RUS,SRCVB - EpiVacCorona,EpiVacCorona,State Research Center of Virology & Biotechnology,,,,,OWID
GGY,Moderna - mRNA-1273,mRNA-1273,Moderna,,,,,OWID
GGY,AstraZeneca - AZD1222,AZD1222,AstraZeneca,,,,,OWID
GGY,Pfizer BioNTech - Comirnaty,Comirnaty,Pfizer BioNTech,,,,,OWID
IMN,Moderna - mRNA-1273,mRNA-1273,Moderna,,,,,OWID
IMN,AstraZeneca - AZD1222,AZD1222,AstraZeneca,,,,,OWID
IMN,Pfizer BioNTech - Comirnaty,Comirnaty,Pfizer BioNTech,,,,,OWID
FLK,AstraZeneca - AZD1222,AZD1222,AstraZeneca,,,,,OWID
TKM,Anhui ZL - Zifivax,Zifivax,Anhui Zhifei Longcom Biopharmaceutical,,2/24/2021,,,REPORTING
CHN,Anhui ZL - Zifivax,Zifivax,Anhui Zhifei Longcom Biopharmaceutical,3/17/2021,3/17/2021,,,REPORTING
UZB,Anhui ZL - Zifivax,Zifivax,Anhui Zhifei Longcom Biopharmaceutical,,4/28/2021,,,REPORTING
CHN,Shenzhen - LV-SMENP-DC,LV-SMENP-DC,Shenzhen GenoImmune Medical Institute,5/14/2021,6/1/2021,,,REPORTING
DEU,Valneva - VLA2001,VLA2001,Valneva,,9/14/2022,,,REPORTING
AUT,Valneva - VLA2001,VLA2001,Valneva,,8/24/2022,,,REPORTING
CUB,Finlay - Soberana-02,Soberana-02,Instituto Finlay de Vacunas,,,,,REPORTING
NIC,Finlay - Soberana-02,Soberana-02,Instituto Finlay de Vacunas,,10/25/2021,,,REPORTING
IRN,Finlay - Soberana-02,Soberana-02,Instituto Finlay de Vacunas,,,,,REPORTING
VEN,Finlay - Soberana-02,Soberana-02,Instituto Finlay de Vacunas,,,,,REPORTING
CHN,IMB - Covidful,Covidful,Insitute of Medical Biology,6/9/2021,6/9/2021,,,REPORTING
ARM,Gamaleya - Gam-Covid-Vac,Gam-Covid-Vac,Gamaleya Research Institute,,1/27/2021,,,REPORTING
VNM,Gamaleya - Gam-Covid-Vac,Gam-Covid-Vac,Gamaleya Research Institute,3/23/2021,8/1/2021,,,REPORTING
YEM,Gamaleya - Gam-Covid-Vac,Gam-Covid-Vac,Gamaleya Research Institute,,,,,REPORTING
KAZ,Gamaleya - Gam-Covid-Vac,Gam-Covid-Vac,Gamaleya Research Institute,,4/7/2021,,,REPORTING
TKM,Gamaleya - Gam-Covid-Vac,Gam-Covid-Vac,Gamaleya Research Institute,,2/24/2021,,,REPORTING
OMN,Gamaleya - Gam-Covid-Vac,Gam-Covid-Vac,Gamaleya Research Institute,2/14/2021,12/29/2020,,,REPORTING
PHL,Gamaleya - Gam-Covid-Vac,Gam-Covid-Vac,Gamaleya Research Institute,3/19/2021,5/4/2021,,,REPORTING
LAO,Gamaleya - Gam-Covid-Vac,Gam-Covid-Vac,Gamaleya Research Institute,2/3/2021,2/9/2021,,,REPORTING
GIN,Gamaleya - Gam-Covid-Vac,Gam-Covid-Vac,Gamaleya Research Institute,1/27/2021,3/5/2021,,,REPORTING
GHA,Gamaleya - Gam-Covid-Vac,Gam-Covid-Vac,Gamaleya Research Institute,2/9/2021,3/2/2021,,,REPORTING
SYR,Gamaleya - Gam-Covid-Vac,Gam-Covid-Vac,Gamaleya Research Institute,2/3/2021,4/1/2021,,,REPORTING
CIV,Gamaleya - Gam-Covid-Vac,Gam-Covid-Vac,Gamaleya Research Institute,,3/1/2021,,,REPORTING
VEN,Gamaleya - Gam-Covid-Vac,Gam-Covid-Vac,Gamaleya Research Institute,1/1/2021,2/22/2021,,,REPORTING
LBN,Gamaleya - Gam-Covid-Vac,Gam-Covid-Vac,Gamaleya Research Institute,12/16/2020,2/14/2021,,,REPORTING
LKA,Gamaleya - Gam-Covid-Vac,Gam-Covid-Vac,Gamaleya Research Institute,3/4/2021,5/6/2021,,,REPORTING
PRY,Gamaleya - Gam-Covid-Vac,Gam-Covid-Vac,Gamaleya Research Institute,12/22/2020,2/22/2021,,,REPORTING
NIC,Gamaleya - Gam-Covid-Vac,Gam-Covid-Vac,Gamaleya Research Institute,2/2/2021,3/3/2021,,,REPORTING
MDV,Gamaleya - Gam-Covid-Vac,Gam-Covid-Vac,Gamaleya Research Institute,1/30/2021,,,,REPORTING
JOR,Gamaleya - Gam-Covid-Vac,Gam-Covid-Vac,Gamaleya Research Institute,12/13/2020,1/13/2021,,,REPORTING
IRN,Gamaleya - Gam-Covid-Vac,Gam-Covid-Vac,Gamaleya Research Institute,1/27/2021,2/9/2021,,,REPORTING
KWT,Gamaleya - Gam-Covid-Vac,Gam-Covid-Vac,Gamaleya Research Institute,,,,,REPORTING
MNE,Gamaleya - Gam-Covid-Vac,Gam-Covid-Vac,Gamaleya Research Institute,,2/24/2021,,,REPORTING
BGD,Gamaleya - Gam-Covid-Vac,Gam-Covid-Vac,Gamaleya Research Institute,4/27/2021,,,,REPORTING
SRB,Gamaleya - Gam-Covid-Vac,Gam-Covid-Vac,Gamaleya Research Institute,,1/6/2021,,,REPORTING
UZB,Gamaleya - Gam-Covid-Vac,Gam-Covid-Vac,Gamaleya Research Institute,,4/28/2021,,,REPORTING
MNG,Gamaleya - Gam-Covid-Vac,Gam-Covid-Vac,Gamaleya Research Institute,2/6/2021,3/19/2021,,,REPORTING
PAK,Gamaleya - Gam-Covid-Vac,Gam-Covid-Vac,Gamaleya Research Institute,1/20/2021,2/3/2021,,,REPORTING
SAU,Gamaleya - Gam-Covid-Vac,Gam-Covid-Vac,Gamaleya Research Institute,,,,,REPORTING
DZA,Gamaleya - Gam-Covid-Vac,Gam-Covid-Vac,Gamaleya Research Institute,1/10/2021,1/30/2021,,,REPORTING
RWA,Gamaleya - Gam-Covid-Vac,Gam-Covid-Vac,Gamaleya Research Institute,3/31/2021,,,,REPORTING
SDN,Gamaleya - Gam-Covid-Vac,Gam-Covid-Vac,Gamaleya Research Institute,,,,,REPORTING
IND,Gamaleya - Gam-Covid-Vac,Gam-Covid-Vac,Gamaleya Research Institute,4/12/2021,5/14/2021,,,REPORTING
ALB,Gamaleya - Gam-Covid-Vac,Gam-Covid-Vac,Gamaleya Research Institute,,3/24/2021,,,REPORTING
LBY,Gamaleya - Gam-Covid-Vac,Gam-Covid-Vac,Gamaleya Research Institute,2/24/2021,4/11/2021,,,REPORTING
VCT,Gamaleya - Gam-Covid-Vac,Gam-Covid-Vac,Gamaleya Research Institute,1/30/2021,2/1/2021,,,REPORTING
HND,Gamaleya - Gam-Covid-Vac,Gam-Covid-Vac,Gamaleya Research Institute,2/19/2021,4/22/2021,,,REPORTING
ATG,Gamaleya - Gam-Covid-Vac,Gam-Covid-Vac,Gamaleya Research Institute,7/24/2021,8/16/2021,,,REPORTING
NPL,Gamaleya - Gam-Covid-Vac,Gam-Covid-Vac,Gamaleya Research Institute,4/20/2021,,,,REPORTING
MKD,Gamaleya - Gam-Covid-Vac,Gam-Covid-Vac,Gamaleya Research Institute,,3/10/2021,,,REPORTING
BLR,Gamaleya - Gam-Covid-Vac,Gam-Covid-Vac,Gamaleya Research Institute,,2/3/2021,,,REPORTING
ARG,Gamaleya - Gam-Covid-Vac,Gam-Covid-Vac,Gamaleya Research Institute,12/23/2020,12/29/2020,,,REPORTING
SYC,Gamaleya - Gam-Covid-Vac,Gam-Covid-Vac,Gamaleya Research Institute,,,,,REPORTING
GTM,Gamaleya - Gam-Covid-Vac,Gam-Covid-Vac,Gamaleya Research Institute,,5/17/2021,,,REPORTING
QAT,Gamaleya - Gam-Covid-Vac,Gam-Covid-Vac,Gamaleya Research Institute,,,,,REPORTING
IRQ,Gamaleya - Gam-Covid-Vac,Gam-Covid-Vac,Gamaleya Research Institute,12/29/2020,3/2/2021,,,REPORTING
BHR,Gamaleya - Gam-Covid-Vac,Gam-Covid-Vac,Gamaleya Research Institute,11/3/2020,11/4/2020,,,REPORTING
GUY,Gamaleya - Gam-Covid-Vac,Gam-Covid-Vac,Gamaleya Research Institute,4/2/2021,4/2/2021,,,REPORTING
SOM,Gamaleya - Gam-Covid-Vac,Gam-Covid-Vac,Gamaleya Research Institute,,,,,REPORTING
ARE,Gamaleya - Gam-Covid-Vac,Gam-Covid-Vac,Gamaleya Research Institute,,,,,REPORTING
BOL,Gamaleya - Gam-Covid-Vac,Gam-Covid-Vac,Gamaleya Research Institute,,1/30/2021,,,REPORTING
MAR,Gamaleya - Gam-Covid-Vac,Gam-Covid-Vac,Gamaleya Research Institute,,,,,REPORTING
KGZ,Gamaleya - Gam-Covid-Vac,Gam-Covid-Vac,Gamaleya Research Institute,,4/21/2021,,,REPORTING
HUN,Gamaleya - Gam-Covid-Vac,Gam-Covid-Vac,Gamaleya Research Institute,,2/10/2021,,,REPORTING
TUN,Gamaleya - Gam-Covid-Vac,Gam-Covid-Vac,Gamaleya Research Institute,1/11/2021,3/13/2021,,,REPORTING
MDA,Gamaleya - Gam-Covid-Vac,Gam-Covid-Vac,Gamaleya Research Institute,,5/5/2021,,,REPORTING
AFG,Gamaleya - Gam-Covid-Vac,Gam-Covid-Vac,Gamaleya Research Institute,,,,,REPORTING
SVK,Gamaleya - Gam-Covid-Vac,Gam-Covid-Vac,Gamaleya Research Institute,,1/20/2021,,,REPORTING
MEX,Gamaleya - Gam-Covid-Vac,Gam-Covid-Vac,Gamaleya Research Institute,2/9/2021,2/24/2021,,,REPORTING
TJK,Gamaleya - Gam-Covid-Vac,Gam-Covid-Vac,Gamaleya Research Institute,,8/18/2021,,,REPORTING
COG,Gamaleya - Gam-Covid-Vac,Gam-Covid-Vac,Gamaleya Research Institute,3/3/2021,3/23/2021,,,REPORTING
EGY,Gamaleya - Gam-Covid-Vac,Gam-Covid-Vac,Gamaleya Research Institute,12/30/2020,1/24/2021,,,REPORTING
GAB,Gamaleya - Gam-Covid-Vac,Gam-Covid-Vac,Gamaleya Research Institute,,,,,REPORTING
ZWE,Gamaleya - Gam-Covid-Vac,Gam-Covid-Vac,Gamaleya Research Institute,,,,,REPORTING
PSE,Gamaleya - Gam-Covid-Vac,Gam-Covid-Vac,Gamaleya Research Institute,1/25/2021,2/2/2021,,,REPORTING
DJI,Gamaleya - Gam-Covid-Vac,Gam-Covid-Vac,Gamaleya Research Institute,2/22/2021,3/15/2021,,,REPORTING
MYS,Gamaleya - Gam-Covid-Vac,Gam-Covid-Vac,Gamaleya Research Institute,,,,,REPORTING
SMR,Gamaleya - Gam-Covid-Vac,Gam-Covid-Vac,Gamaleya Research Institute,,2/24/2021,,,REPORTING
AZE,Gamaleya - Gam-Covid-Vac,Gam-Covid-Vac,Gamaleya Research Institute,,5/19/2021,,,REPORTING
KAZ,RIBSP - QazVac,QazVac,Research Institute for Biological Safety Problems,,4/28/2021,,,REPORTING
TKM,RIBSP - QazVac,QazVac,Research Institute for Biological Safety Problems,,2/24/2021,,,REPORTING
KGZ,RIBSP - QazVac,QazVac,Research Institute for Biological Safety Problems,,9/29/2021,,,REPORTING
ETH,Beijing CNBG - BBIBP-CorV,BBIBP-CorV,Beijing Bio-Institute Biological Products (CNBG),3/5/2021,3/13/2021,,,REPORTING
ARM,Beijing CNBG - BBIBP-CorV,BBIBP-CorV,Beijing Bio-Institute Biological Products (CNBG),,5/26/2021,,,REPORTING
TCD,Beijing CNBG - BBIBP-CorV,BBIBP-CorV,Beijing Bio-Institute Biological Products (CNBG),5/7/2021,6/4/2021,,,REPORTING
VNM,Beijing CNBG - BBIBP-CorV,BBIBP-CorV,Beijing Bio-Institute Biological Products (CNBG),6/3/2021,7/10/2021,,,REPORTING
MDG,Beijing CNBG - BBIBP-CorV,BBIBP-CorV,Beijing Bio-Institute Biological Products (CNBG),8/5/2021,,,,REPORTING
BRB,Beijing CNBG - BBIBP-CorV,BBIBP-CorV,Beijing Bio-Institute Biological Products (CNBG),,6/30/2021,,,REPORTING
LAO,Beijing CNBG - BBIBP-CorV,BBIBP-CorV,Beijing Bio-Institute Biological Products (CNBG),6/16/2021,11/25/2020,,,REPORTING
VUT,Beijing CNBG - BBIBP-CorV,BBIBP-CorV,Beijing Bio-Institute Biological Products (CNBG),6/2/2021,6/15/2021,,,REPORTING
ZMB,Beijing CNBG - BBIBP-CorV,BBIBP-CorV,Beijing Bio-Institute Biological Products (CNBG),,,,,REPORTING
SUR,Beijing CNBG - BBIBP-CorV,BBIBP-CorV,Beijing Bio-Institute Biological Products (CNBG),6/28/2021,7/10/2021,,,REPORTING
CIV,Beijing CNBG - BBIBP-CorV,BBIBP-CorV,Beijing Bio-Institute Biological Products (CNBG),6/10/2021,,,,REPORTING
VEN,Beijing CNBG - BBIBP-CorV,BBIBP-CorV,Beijing Bio-Institute Biological Products (CNBG),3/12/2021,3/8/2021,,,REPORTING
LBN,Beijing CNBG - BBIBP-CorV,BBIBP-CorV,Beijing Bio-Institute Biological Products (CNBG),12/16/2020,2/14/2021,,,REPORTING
PHL,Beijing CNBG - BBIBP-CorV,BBIBP-CorV,Beijing Bio-Institute Biological Products (CNBG),6/7/2021,8/30/2021,,,REPORTING
SLV,Beijing CNBG - BBIBP-CorV,BBIBP-CorV,Beijing Bio-Institute Biological Products (CNBG),6/3/2021,6/22/2021,,,REPORTING
GIN,Beijing CNBG - BBIBP-CorV,BBIBP-CorV,Beijing Bio-Institute Biological Products (CNBG),2/12/2021,3/5/2021,,,REPORTING
DOM,Beijing CNBG - BBIBP-CorV,BBIBP-CorV,Beijing Bio-Institute Biological Products (CNBG),,,,,REPORTING
BTN,Beijing CNBG - BBIBP-CorV,BBIBP-CorV,Beijing Bio-Institute Biological Products (CNBG),3/16/2021,7/20/2021,,,REPORTING
GMB,Beijing CNBG - BBIBP-CorV,BBIBP-CorV,Beijing Bio-Institute Biological Products (CNBG),,3/10/2021,,,REPORTING
SYR,Beijing CNBG - BBIBP-CorV,BBIBP-CorV,Beijing Bio-Institute Biological Products (CNBG),2/3/2021,4/1/2021,,,REPORTING
KIR,Beijing CNBG - BBIBP-CorV,BBIBP-CorV,Beijing Bio-Institute Biological Products (CNBG),6/29/2021,9/3/2021,,,REPORTING
PNG,Beijing CNBG - BBIBP-CorV,BBIBP-CorV,Beijing Bio-Institute Biological Products (CNBG),5/25/2021,6/28/2021,,,REPORTING
MDV,Beijing CNBG - BBIBP-CorV,BBIBP-CorV,Beijing Bio-Institute Biological Products (CNBG),3/17/2021,3/22/2021,,,REPORTING
JOR,Beijing CNBG - BBIBP-CorV,BBIBP-CorV,Beijing Bio-Institute Biological Products (CNBG),12/13/2020,1/13/2021,,,REPORTING
IRN,Beijing CNBG - BBIBP-CorV,BBIBP-CorV,Beijing Bio-Institute Biological Products (CNBG),1/27/2021,2/9/2021,,,REPORTING
NER,Beijing CNBG - BBIBP-CorV,BBIBP-CorV,Beijing Bio-Institute Biological Products (CNBG),2/23/2021,3/29/2021,,,REPORTING
CMR,Beijing CNBG - BBIBP-CorV,BBIBP-CorV,Beijing Bio-Institute Biological Products (CNBG),4/1/2021,4/12/2021,,,REPORTING
LKA,Beijing CNBG - BBIBP-CorV,BBIBP-CorV,Beijing Bio-Institute Biological Products (CNBG),5/8/2021,4/5/2021,,,REPORTING
BFA,Beijing CNBG - BBIBP-CorV,BBIBP-CorV,Beijing Bio-Institute Biological Products (CNBG),9/20/2021,,,,REPORTING
PRY,Beijing CNBG - BBIBP-CorV,BBIBP-CorV,Beijing Bio-Institute Biological Products (CNBG),12/30/2020,3/15/2021,,,REPORTING
NIC,Beijing CNBG - BBIBP-CorV,BBIBP-CorV,Beijing Bio-Institute Biological Products (CNBG),,4/1/2022,,,REPORTING
KWT,Beijing CNBG - BBIBP-CorV,BBIBP-CorV,Beijing Bio-Institute Biological Products (CNBG),12/13/2020,12/28/2020,,,REPORTING
BLZ,Beijing CNBG - BBIBP-CorV,BBIBP-CorV,Beijing Bio-Institute Biological Products (CNBG),5/17/2021,5/18/2021,,,REPORTING
MNE,Beijing CNBG - BBIBP-CorV,BBIBP-CorV,Beijing Bio-Institute Biological Products (CNBG),,3/10/2021,,,REPORTING
BGD,Beijing CNBG - BBIBP-CorV,BBIBP-CorV,Beijing Bio-Institute Biological Products (CNBG),4/29/2021,5/25/2021,,,REPORTING
SRB,Beijing CNBG - BBIBP-CorV,BBIBP-CorV,Beijing Bio-Institute Biological Products (CNBG),,1/20/2021,,,REPORTING
MNG,Beijing CNBG - BBIBP-CorV,BBIBP-CorV,Beijing Bio-Institute Biological Products (CNBG),2/9/2021,3/10/2021,,,REPORTING
PAK,Beijing CNBG - BBIBP-CorV,BBIBP-CorV,Beijing Bio-Institute Biological Products (CNBG),1/20/2021,2/3/2021,,,REPORTING
PRT,Beijing CNBG - BBIBP-CorV,BBIBP-CorV,Beijing Bio-Institute Biological Products (CNBG),,12/23/2020,,,REPORTING
SAU,Beijing CNBG - BBIBP-CorV,BBIBP-CorV,Beijing Bio-Institute Biological Products (CNBG),,,,,REPORTING
DZA,Beijing CNBG - BBIBP-CorV,BBIBP-CorV,Beijing Bio-Institute Biological Products (CNBG),2/10/2021,,,,REPORTING
RWA,Beijing CNBG - BBIBP-CorV,BBIBP-CorV,Beijing Bio-Institute Biological Products (CNBG),7/30/2021,,,,REPORTING
SDN,Beijing CNBG - BBIBP-CorV,BBIBP-CorV,Beijing Bio-Institute Biological Products (CNBG),2/20/2021,3/9/2021,,,REPORTING
LBY,Beijing CNBG - BBIBP-CorV,BBIBP-CorV,Beijing Bio-Institute Biological Products (CNBG),2/24/2021,4/11/2021,,,REPORTING
KEN,Beijing CNBG - BBIBP-CorV,BBIBP-CorV,Beijing Bio-Institute Biological Products (CNBG),,,,,REPORTING
ATG,Beijing CNBG - BBIBP-CorV,BBIBP-CorV,Beijing Bio-Institute Biological Products (CNBG),,,,,REPORTING
GNB,Beijing CNBG - BBIBP-CorV,BBIBP-CorV,Beijing Bio-Institute Biological Products (CNBG),,4/2/2021,,,REPORTING
NPL,Beijing CNBG - BBIBP-CorV,BBIBP-CorV,Beijing Bio-Institute Biological Products (CNBG),2/16/2021,4/7/2021,,,REPORTING
SLB,Beijing CNBG - BBIBP-CorV,BBIBP-CorV,Beijing Bio-Institute Biological Products (CNBG),3/12/2021,5/21/2021,,,REPORTING
MKD,Beijing CNBG - BBIBP-CorV,BBIBP-CorV,Beijing Bio-Institute Biological Products (CNBG),,4/21/2021,,,REPORTING
CHN,Beijing CNBG - BBIBP-CorV,BBIBP-CorV,Beijing Bio-Institute Biological Products (CNBG),7/22/2020,7/22/2020,,,REPORTING
BLR,Beijing CNBG - BBIBP-CorV,BBIBP-CorV,Beijing Bio-Institute Biological Products (CNBG),,3/24/2021,,,REPORTING
ARG,Beijing CNBG - BBIBP-CorV,BBIBP-CorV,Beijing Bio-Institute Biological Products (CNBG),2/21/2021,3/2/2021,,,REPORTING
SYC,Beijing CNBG - BBIBP-CorV,BBIBP-CorV,Beijing Bio-Institute Biological Products (CNBG),,1/10/2021,,,REPORTING
QAT,Beijing CNBG - BBIBP-CorV,BBIBP-CorV,Beijing Bio-Institute Biological Products (CNBG),,,,,REPORTING
SOM,Beijing CNBG - BBIBP-CorV,BBIBP-CorV,Beijing Bio-Institute Biological Products (CNBG),2/22/2021,3/16/2021,,,REPORTING
PER,Beijing CNBG - BBIBP-CorV,BBIBP-CorV,Beijing Bio-Institute Biological Products (CNBG),1/26/2021,2/9/2021,,,REPORTING
ARE,Beijing CNBG - BBIBP-CorV,BBIBP-CorV,Beijing Bio-Institute Biological Products (CNBG),,,,,REPORTING
NAM,Beijing CNBG - BBIBP-CorV,BBIBP-CorV,Beijing Bio-Institute Biological Products (CNBG),,3/19/2021,,,REPORTING
BOL,Beijing CNBG - BBIBP-CorV,BBIBP-CorV,Beijing Bio-Institute Biological Products (CNBG),,5/2/2021,,,REPORTING
IRQ,Beijing CNBG - BBIBP-CorV,BBIBP-CorV,Beijing Bio-Institute Biological Products (CNBG),12/29/2020,3/2/2021,,,REPORTING
BHR,Beijing CNBG - BBIBP-CorV,BBIBP-CorV,Beijing Bio-Institute Biological Products (CNBG),11/3/2020,11/4/2020,,,REPORTING
GNQ,Beijing CNBG - BBIBP-CorV,BBIBP-CorV,Beijing Bio-Institute Biological Products (CNBG),2/1/2021,2/12/2021,,,REPORTING
GUY,Beijing CNBG - BBIBP-CorV,BBIBP-CorV,Beijing Bio-Institute Biological Products (CNBG),2/25/2021,3/2/2021,,,REPORTING
SGP,Beijing CNBG - BBIBP-CorV,BBIBP-CorV,Beijing Bio-Institute Biological Products (CNBG),,8/30/2021,,,REPORTING
SEN,Beijing CNBG - BBIBP-CorV,BBIBP-CorV,Beijing Bio-Institute Biological Products (CNBG),2/23/2021,2/23/2021,,,REPORTING
TUN,Beijing CNBG - BBIBP-CorV,BBIBP-CorV,Beijing Bio-Institute Biological Products (CNBG),1/11/2021,3/13/2021,,,REPORTING
BRN,Beijing CNBG - BBIBP-CorV,BBIBP-CorV,Beijing Bio-Institute Biological Products (CNBG),2/3/2021,4/3/2021,,,REPORTING
TTO,Beijing CNBG - BBIBP-CorV,BBIBP-CorV,Beijing Bio-Institute Biological Products (CNBG),,,,,REPORTING
MDA,Beijing CNBG - BBIBP-CorV,BBIBP-CorV,Beijing Bio-Institute Biological Products (CNBG),,3/24/2021,,,REPORTING
AFG,Beijing CNBG - BBIBP-CorV,BBIBP-CorV,Beijing Bio-Institute Biological Products (CNBG),2/23/2021,2/22/2021,,,REPORTING
COM,Beijing CNBG - BBIBP-CorV,BBIBP-CorV,Beijing Bio-Institute Biological Products (CNBG),2/1/2021,4/10/2021,,,REPORTING
SLE,Beijing CNBG - BBIBP-CorV,BBIBP-CorV,Beijing Bio-Institute Biological Products (CNBG),,3/15/2021,,,REPORTING
MUS,Beijing CNBG - BBIBP-CorV,BBIBP-CorV,Beijing Bio-Institute Biological Products (CNBG),3/18/2021,,,,REPORTING
KGZ,Beijing CNBG - BBIBP-CorV,BBIBP-CorV,Beijing Bio-Institute Biological Products (CNBG),,3/31/2021,,,REPORTING
HUN,Beijing CNBG - BBIBP-CorV,BBIBP-CorV,Beijing Bio-Institute Biological Products (CNBG),,2/24/2021,,,REPORTING
MOZ,Beijing CNBG - BBIBP-CorV,BBIBP-CorV,Beijing Bio-Institute Biological Products (CNBG),5/18/2021,,,,REPORTING
BDI,Beijing CNBG - BBIBP-CorV,BBIBP-CorV,Beijing Bio-Institute Biological Products (CNBG),9/29/2021,10/18/2021,,,REPORTING
THA,Beijing CNBG - BBIBP-CorV,BBIBP-CorV,Beijing Bio-Institute Biological Products (CNBG),5/28/2021,6/25/2021,,,REPORTING
COG,Beijing CNBG - BBIBP-CorV,BBIBP-CorV,Beijing Bio-Institute Biological Products (CNBG),3/3/2021,3/23/2021,,,REPORTING
EGY,Beijing CNBG - BBIBP-CorV,BBIBP-CorV,Beijing Bio-Institute Biological Products (CNBG),12/30/2020,1/24/2021,,,REPORTING
GAB,Beijing CNBG - BBIBP-CorV,BBIBP-CorV,Beijing Bio-Institute Biological Products (CNBG),,3/23/2021,,,REPORTING
MAR,Beijing CNBG - BBIBP-CorV,BBIBP-CorV,Beijing Bio-Institute Biological Products (CNBG),1/6/2021,1/28/2021,,,REPORTING
TZA,Beijing CNBG - BBIBP-CorV,BBIBP-CorV,Beijing Bio-Institute Biological Products (CNBG),8/8/2021,,,,REPORTING
MRT,Beijing CNBG - BBIBP-CorV,BBIBP-CorV,Beijing Bio-Institute Biological Products (CNBG),,3/26/2021,,,REPORTING
JAM,Beijing CNBG - BBIBP-CorV,BBIBP-CorV,Beijing Bio-Institute Biological Products (CNBG),11/12/2021,12/13/2021,,,REPORTING
DMA,Beijing CNBG - BBIBP-CorV,BBIBP-CorV,Beijing Bio-Institute Biological Products (CNBG),,3/11/2021,,,REPORTING
IDN,Beijing CNBG - BBIBP-CorV,BBIBP-CorV,Beijing Bio-Institute Biological Products (CNBG),4/29/2021,5/18/2021,,,REPORTING
KHM,Beijing CNBG - BBIBP-CorV,BBIBP-CorV,Beijing Bio-Institute Biological Products (CNBG),2/4/2021,2/10/2021,,,REPORTING
MMR,Beijing CNBG - BBIBP-CorV,BBIBP-CorV,Beijing Bio-Institute Biological Products (CNBG),2/12/2021,6/1/2021,,,REPORTING
OMN,Beijing CNBG - BBIBP-CorV,BBIBP-CorV,Beijing Bio-Institute Biological Products (CNBG),,,,,REPORTING
ZWE,Beijing CNBG - BBIBP-CorV,BBIBP-CorV,Beijing Bio-Institute Biological Products (CNBG),,,,,REPORTING
PSE,Beijing CNBG - BBIBP-CorV,BBIBP-CorV,Beijing Bio-Institute Biological Products (CNBG),1/25/2021,2/2/2021,,,REPORTING
DJI,Beijing CNBG - BBIBP-CorV,BBIBP-CorV,Beijing Bio-Institute Biological Products (CNBG),2/22/2021,3/15/2021,,,REPORTING
MYS,Beijing CNBG - BBIBP-CorV,BBIBP-CorV,Beijing Bio-Institute Biological Products (CNBG),7/16/2021,,,,REPORTING
YEM,Beijing CNBG - BBIBP-CorV,BBIBP-CorV,Beijing Bio-Institute Biological Products (CNBG),,,,,REPORTING
GEO,Beijing CNBG - BBIBP-CorV,BBIBP-CorV,Beijing Bio-Institute Biological Products (CNBG),,5/5/2021,,,REPORTING
CPV,Beijing CNBG - BBIBP-CorV,BBIBP-CorV,Beijing Bio-Institute Biological Products (CNBG),,,,,REPORTING
KAZ,Beijing CNBG - BBIBP-CorV,BBIBP-CorV,Beijing Bio-Institute Biological Products (CNBG),,5/5/2021,,,REPORTING
TKM,Beijing CNBG - BBIBP-CorV,BBIBP-CorV,Beijing Bio-Institute Biological Products (CNBG),,2/24/2021,,,REPORTING
LSO,Beijing CNBG - BBIBP-CorV,BBIBP-CorV,Beijing Bio-Institute Biological Products (CNBG),,,,,REPORTING
IND,Zydus - ZyCov-D,ZyCov-D,Zydus Cadila,8/20/2021,,,,REPORTING
IND,Biological E - Corbevax,Corbevax,Biological E,,3/16/2022,,,REPORTING
VNM,CIGB - CIGB-66,CIGB-66,Center for Genetic Engineering and Biotechnology,9/17/2021,10/17/2021,,,REPORTING
VEN,CIGB - CIGB-66,CIGB-66,Center for Genetic Engineering and Biotechnology,,,,,REPORTING
NIC,CIGB - CIGB-66,CIGB-66,Center for Genetic Engineering and Biotechnology,,10/25/2021,,,REPORTING
CUB,CIGB - CIGB-66,CIGB-66,Center for Genetic Engineering and Biotechnology,,,,,REPORTING
MEX,CIGB - CIGB-66,CIGB-66,Center for Genetic Engineering and Biotechnology,,12/21/2022,,,REPORTING
FRA,AstraZeneca - Vaxzevria,Vaxzevria,AstraZeneca,,2/3/2021,,,REPORTING
FIN,AstraZeneca - Vaxzevria,Vaxzevria,AstraZeneca,,12/30/2020,,,REPORTING
STP,AstraZeneca - Vaxzevria,Vaxzevria,AstraZeneca,,3/15/2021,,,REPORTING
SWE,AstraZeneca - Vaxzevria,Vaxzevria,AstraZeneca,,2/10/2021,,,REPORTING
ESP,AstraZeneca - Vaxzevria,Vaxzevria,AstraZeneca,,2/10/2021,,,REPORTING
ARM,AstraZeneca - Vaxzevria,Vaxzevria,AstraZeneca,,3/17/2021,,,REPORTING
LAO,AstraZeneca - Vaxzevria,Vaxzevria,AstraZeneca,,8/4/2021,,,REPORTING
VUT,AstraZeneca - Vaxzevria,Vaxzevria,AstraZeneca,5/10/2021,6/2/2021,,,REPORTING
SYR,AstraZeneca - Vaxzevria,Vaxzevria,AstraZeneca,2/3/2021,4/1/2021,,,REPORTING
SUR,AstraZeneca - Vaxzevria,Vaxzevria,AstraZeneca,5/10/2021,5/26/2021,,,REPORTING
LBN,AstraZeneca - Vaxzevria,Vaxzevria,AstraZeneca,12/16/2020,2/14/2021,,,REPORTING
FJI,AstraZeneca - Vaxzevria,Vaxzevria,AstraZeneca,2/22/2021,3/7/2021,,,REPORTING
PHL,AstraZeneca - Vaxzevria,Vaxzevria,AstraZeneca,1/28/2021,3/7/2021,,,REPORTING
BRB,AstraZeneca - Vaxzevria,Vaxzevria,AstraZeneca,,4/8/2021,,,REPORTING
SXM,AstraZeneca - Vaxzevria,Vaxzevria,AstraZeneca,,,,,REPORTING
BTN,AstraZeneca - Vaxzevria,Vaxzevria,AstraZeneca,6/17/2021,,,,REPORTING
ISR,AstraZeneca - Vaxzevria,Vaxzevria,AstraZeneca,,10/20/2021,,,REPORTING
COL,AstraZeneca - Vaxzevria,Vaxzevria,AstraZeneca,2/23/2021,3/29/2021,,,REPORTING
LTU,AstraZeneca - Vaxzevria,Vaxzevria,AstraZeneca,,2/10/2021,,,REPORTING
MTQ,AstraZeneca - Vaxzevria,Vaxzevria,AstraZeneca,,,,,REPORTING
MDV,AstraZeneca - Vaxzevria,Vaxzevria,AstraZeneca,6/20/2021,7/27/2021,,,REPORTING
JOR,AstraZeneca - Vaxzevria,Vaxzevria,AstraZeneca,12/13/2020,1/13/2021,,,REPORTING
IRN,AstraZeneca - Vaxzevria,Vaxzevria,AstraZeneca,1/27/2021,2/9/2021,,,REPORTING
XKX,AstraZeneca - Vaxzevria,Vaxzevria,AstraZeneca,,3/31/2021,,,REPORTING
SLV,AstraZeneca - Vaxzevria,Vaxzevria,AstraZeneca,12/30/2020,2/17/2021,,,REPORTING
DOM,AstraZeneca - Vaxzevria,Vaxzevria,AstraZeneca,,,,,REPORTING
LKA,AstraZeneca - Vaxzevria,Vaxzevria,AstraZeneca,7/9/2021,,,,REPORTING
PRY,AstraZeneca - Vaxzevria,Vaxzevria,AstraZeneca,12/30/2020,3/23/2021,,,REPORTING
NLD,AstraZeneca - Vaxzevria,Vaxzevria,AstraZeneca,,2/3/2021,,,REPORTING
NIC,AstraZeneca - Vaxzevria,Vaxzevria,AstraZeneca,2/15/2021,10/16/2021,,,REPORTING
KIR,AstraZeneca - Vaxzevria,Vaxzevria,AstraZeneca,3/12/2021,5/26/2021,,,REPORTING
PNG,AstraZeneca - Vaxzevria,Vaxzevria,AstraZeneca,3/18/2021,3/30/2021,,,REPORTING
BLZ,AstraZeneca - Vaxzevria,Vaxzevria,AstraZeneca,2/15/2021,4/7/2021,,,REPORTING
MNE,AstraZeneca - Vaxzevria,Vaxzevria,AstraZeneca,,3/31/2021,,,REPORTING
BGD,AstraZeneca - Vaxzevria,Vaxzevria,AstraZeneca,6/23/2021,,,,REPORTING
WSM,AstraZeneca - Vaxzevria,Vaxzevria,AstraZeneca,2/23/2021,4/18/2021,,,REPORTING
SRB,AstraZeneca - Vaxzevria,Vaxzevria,AstraZeneca,,2/24/2021,,,REPORTING
MNG,AstraZeneca - Vaxzevria,Vaxzevria,AstraZeneca,1/10/2021,3/19/2021,,,REPORTING
ISL,AstraZeneca - Vaxzevria,Vaxzevria,AstraZeneca,,2/10/2021,,,REPORTING
TON,AstraZeneca - Vaxzevria,Vaxzevria,AstraZeneca,2/22/2021,4/14/2021,,,REPORTING
SDN,AstraZeneca - Vaxzevria,Vaxzevria,AstraZeneca,2/20/2021,3/9/2021,,,REPORTING
NZL,AstraZeneca - Vaxzevria,Vaxzevria,AstraZeneca,7/22/2021,11/26/2021,,,REPORTING
KWT,AstraZeneca - Vaxzevria,Vaxzevria,AstraZeneca,12/13/2020,12/28/2020,,,REPORTING
URY,AstraZeneca - Vaxzevria,Vaxzevria,AstraZeneca,2/11/2021,4/17/2021,,,REPORTING
SVN,AstraZeneca - Vaxzevria,Vaxzevria,AstraZeneca,,2/10/2021,,,REPORTING
SAU,AstraZeneca - Vaxzevria,Vaxzevria,AstraZeneca,12/10/2020,1/6/2021,,,REPORTING
VGB,AstraZeneca - Vaxzevria,Vaxzevria,AstraZeneca,,2/11/2021,,,REPORTING
CZE,AstraZeneca - Vaxzevria,Vaxzevria,AstraZeneca,,2/3/2021,,,REPORTING
BHS,AstraZeneca - Vaxzevria,Vaxzevria,AstraZeneca,,3/14/2021,,,REPORTING
CYP,AstraZeneca - Vaxzevria,Vaxzevria,AstraZeneca,,2/10/2021,,,REPORTING
NPL,AstraZeneca - Vaxzevria,Vaxzevria,AstraZeneca,6/30/2021,,,,REPORTING
SLB,AstraZeneca - Vaxzevria,Vaxzevria,AstraZeneca,5/26/2021,8/27/2021,,,REPORTING
PAK,AstraZeneca - Vaxzevria,Vaxzevria,AstraZeneca,1/20/2021,2/3/2021,,,REPORTING
LCA,AstraZeneca - Vaxzevria,Vaxzevria,AstraZeneca,,,,,REPORTING
JPN,AstraZeneca - Vaxzevria,Vaxzevria,AstraZeneca,5/21/2021,8/21/2021,,,REPORTING
PRT,AstraZeneca - Vaxzevria,Vaxzevria,AstraZeneca,,12/30/2020,,,REPORTING
ALB,AstraZeneca - Vaxzevria,Vaxzevria,AstraZeneca,,3/10/2021,,,REPORTING
LBY,AstraZeneca - Vaxzevria,Vaxzevria,AstraZeneca,2/24/2021,4/11/2021,,,REPORTING
VCT,AstraZeneca - Vaxzevria,Vaxzevria,AstraZeneca,,,,,REPORTING
EST,AstraZeneca - Vaxzevria,Vaxzevria,AstraZeneca,,2/17/2021,,,REPORTING
HND,AstraZeneca - Vaxzevria,Vaxzevria,AstraZeneca,2/15/2021,3/15/2021,,,REPORTING
ATG,AstraZeneca - Vaxzevria,Vaxzevria,AstraZeneca,2/1/2021,3/1/2021,,,REPORTING
BEL,AstraZeneca - Vaxzevria,Vaxzevria,AstraZeneca,,2/10/2021,,,REPORTING
ARG,AstraZeneca - Vaxzevria,Vaxzevria,AstraZeneca,12/20/2021,3/30/2021,,,REPORTING
GTM,AstraZeneca - Vaxzevria,Vaxzevria,AstraZeneca,3/11/2021,3/15/2021,,,REPORTING
MLT,AstraZeneca - Vaxzevria,Vaxzevria,AstraZeneca,,12/30/2020,,,REPORTING
QAT,AstraZeneca - Vaxzevria,Vaxzevria,AstraZeneca,,,,,REPORTING
BMU,AstraZeneca - Vaxzevria,Vaxzevria,AstraZeneca,,5/7/2021,,,REPORTING
BOL,AstraZeneca - Vaxzevria,Vaxzevria,AstraZeneca,,3/22/2021,,,REPORTING
AUT,AstraZeneca - Vaxzevria,Vaxzevria,AstraZeneca,,2/10/2021,,,REPORTING
CAN,AstraZeneca - Vaxzevria,Vaxzevria,AstraZeneca,,,,,REPORTING
MKD,AstraZeneca - Vaxzevria,Vaxzevria,AstraZeneca,,3/31/2021,,,REPORTING
BRA,AstraZeneca - Vaxzevria,Vaxzevria,AstraZeneca,1/17/2021,1/18/2021,,,REPORTING
MCO,AstraZeneca - Vaxzevria,Vaxzevria,AstraZeneca,,4/27/2022,,,REPORTING
SOM,AstraZeneca - Vaxzevria,Vaxzevria,AstraZeneca,2/22/2021,3/16/2021,,,REPORTING
PER,AstraZeneca - Vaxzevria,Vaxzevria,AstraZeneca,4/12/2021,4/21/2021,,,REPORTING
BGR,AstraZeneca - Vaxzevria,Vaxzevria,AstraZeneca,,2/3/2021,,,REPORTING
ARE,AstraZeneca - Vaxzevria,Vaxzevria,AstraZeneca,,,,,REPORTING
LVA,AstraZeneca - Vaxzevria,Vaxzevria,AstraZeneca,,1/27/2021,,,REPORTING
GRC,AstraZeneca - Vaxzevria,Vaxzevria,AstraZeneca,,12/23/2020,,,REPORTING
GUY,AstraZeneca - Vaxzevria,Vaxzevria,AstraZeneca,,,,,REPORTING
ITA,AstraZeneca - Vaxzevria,Vaxzevria,AstraZeneca,,1/13/2021,,,REPORTING
SGP,AstraZeneca - Vaxzevria,Vaxzevria,AstraZeneca,,,,,REPORTING
HRV,AstraZeneca - Vaxzevria,Vaxzevria,AstraZeneca,,1/13/2021,,,REPORTING
GLP,AstraZeneca - Vaxzevria,Vaxzevria,AstraZeneca,,,,,REPORTING
NRU,AstraZeneca - Vaxzevria,Vaxzevria,AstraZeneca,3/2/2021,4/9/2021,,,REPORTING
MDA,AstraZeneca - Vaxzevria,Vaxzevria,AstraZeneca,,3/3/2021,,,REPORTING
AFG,AstraZeneca - Vaxzevria,Vaxzevria,AstraZeneca,2/23/2021,2/22/2021,,,REPORTING
CHL,AstraZeneca - Vaxzevria,Vaxzevria,AstraZeneca,1/27/2021,4/27/2021,,,REPORTING
AUS,AstraZeneca - Vaxzevria,Vaxzevria,AstraZeneca,2/15/2021,2/21/2021,,,REPORTING
IRQ,AstraZeneca - Vaxzevria,Vaxzevria,AstraZeneca,12/29/2020,3/2/2021,,,REPORTING
BHR,AstraZeneca - Vaxzevria,Vaxzevria,AstraZeneca,11/3/2020,11/4/2020,,,REPORTING
TUV,AstraZeneca - Vaxzevria,Vaxzevria,AstraZeneca,2/23/2021,4/13/2021,,,REPORTING
GBR,AstraZeneca - Vaxzevria,Vaxzevria,AstraZeneca,,2/8/2021,,,REPORTING
TUN,AstraZeneca - Vaxzevria,Vaxzevria,AstraZeneca,1/11/2021,3/13/2021,,,REPORTING
AIA,AstraZeneca - Vaxzevria,Vaxzevria,AstraZeneca,12/1/2020,2/5/2021,,,REPORTING
BRN,AstraZeneca - Vaxzevria,Vaxzevria,AstraZeneca,2/22/2021,4/3/2021,,,REPORTING
TTO,AstraZeneca - Vaxzevria,Vaxzevria,AstraZeneca,,4/7/2021,,,REPORTING
MAR,AstraZeneca - Vaxzevria,Vaxzevria,AstraZeneca,1/6/2021,1/28/2021,,,REPORTING
ECU,AstraZeneca - Vaxzevria,Vaxzevria,AstraZeneca,1/22/2021,3/19/2021,,,REPORTING
KGZ,AstraZeneca - Vaxzevria,Vaxzevria,AstraZeneca,,7/14/2021,,,REPORTING
HUN,AstraZeneca - Vaxzevria,Vaxzevria,AstraZeneca,,2/10/2021,,,REPORTING
DNK,AstraZeneca - Vaxzevria,Vaxzevria,AstraZeneca,,1/13/2021,,,REPORTING
AND,AstraZeneca - Vaxzevria,Vaxzevria,AstraZeneca,,3/3/2021,,,REPORTING
DMA,AstraZeneca - Vaxzevria,Vaxzevria,AstraZeneca,2/25/2021,4/7/2021,,,REPORTING
IDN,AstraZeneca - Vaxzevria,Vaxzevria,AstraZeneca,2/21/2021,3/23/2021,,,REPORTING
TJK,AstraZeneca - Vaxzevria,Vaxzevria,AstraZeneca,,4/14/2021,,,REPORTING
KHM,AstraZeneca - Vaxzevria,Vaxzevria,AstraZeneca,7/15/2021,7/25/2021,,,REPORTING
THA,AstraZeneca - Vaxzevria,Vaxzevria,AstraZeneca,1/20/2021,3/16/2021,,,REPORTING
EGY,AstraZeneca - Vaxzevria,Vaxzevria,AstraZeneca,12/30/2020,1/24/2021,,,REPORTING
UKR,AstraZeneca - Vaxzevria,Vaxzevria,AstraZeneca,,4/28/2021,,,REPORTING
MEX,AstraZeneca - Vaxzevria,Vaxzevria,AstraZeneca,1/4/2021,2/15/2021,,,REPORTING
JAM,AstraZeneca - Vaxzevria,Vaxzevria,AstraZeneca,2/15/2021,3/10/2021,,,REPORTING
ROU,AstraZeneca - Vaxzevria,Vaxzevria,AstraZeneca,,2/17/2021,,,REPORTING
FSM,AstraZeneca - Vaxzevria,Vaxzevria,AstraZeneca,,,,,REPORTING
GRD,AstraZeneca - Vaxzevria,Vaxzevria,AstraZeneca,2/12/2021,2/15/2021,,,REPORTING
KNA,AstraZeneca - Vaxzevria,Vaxzevria,AstraZeneca,,,,,REPORTING
AZE,AstraZeneca - Vaxzevria,Vaxzevria,AstraZeneca,,5/5/2021,,,REPORTING
SVK,AstraZeneca - Vaxzevria,Vaxzevria,AstraZeneca,,1/13/2021,,,REPORTING
KOR,AstraZeneca - Vaxzevria,Vaxzevria,AstraZeneca,2/9/2021,2/26/2021,,,REPORTING
POL,AstraZeneca - Vaxzevria,Vaxzevria,AstraZeneca,,1/6/2021,,,REPORTING
BEN,AstraZeneca - Vaxzevria,Vaxzevria,AstraZeneca,,,,,REPORTING
TLS,AstraZeneca - Vaxzevria,Vaxzevria,AstraZeneca,2/23/2021,4/7/2021,,,REPORTING
PSE,AstraZeneca - Vaxzevria,Vaxzevria,AstraZeneca,1/25/2021,2/2/2021,,,REPORTING
DJI,AstraZeneca - Vaxzevria,Vaxzevria,AstraZeneca,2/22/2021,3/15/2021,,,REPORTING
MYS,AstraZeneca - Vaxzevria,Vaxzevria,AstraZeneca,2/15/2021,5/5/2021,,,REPORTING
LUX,AstraZeneca - Vaxzevria,Vaxzevria,AstraZeneca,,2/10/2021,,,REPORTING
NOR,AstraZeneca - Vaxzevria,Vaxzevria,AstraZeneca,,1/6/2021,,,REPORTING
TKM,AstraZeneca - Vaxzevria,Vaxzevria,AstraZeneca,,2/24/2021,,,REPORTING
CUW,AstraZeneca - Vaxzevria,Vaxzevria,AstraZeneca,,,,,REPORTING
PCN,AstraZeneca - Vaxzevria,Vaxzevria,AstraZeneca,5/17/2021,5/17/2021,,,REPORTING
MSR,AstraZeneca - Vaxzevria,Vaxzevria,AstraZeneca,,2/8/2021,,,REPORTING
IRL,AstraZeneca - Vaxzevria,Vaxzevria,AstraZeneca,,12/30/2020,,,REPORTING
OMN,AstraZeneca - Vaxzevria,Vaxzevria,AstraZeneca,2/14/2021,12/29/2020,,,REPORTING
DEU,AstraZeneca - Vaxzevria,Vaxzevria,AstraZeneca,,2/10/2021,,,REPORTING
VNM,AstraZeneca - Vaxzevria,Vaxzevria,AstraZeneca,2/1/2021,3/8/2021,,,REPORTING
YEM,AstraZeneca - Vaxzevria,Vaxzevria,AstraZeneca,2/27/2021,4/20/2021,,,REPORTING
GEO,AstraZeneca - Vaxzevria,Vaxzevria,AstraZeneca,,3/17/2021,,,REPORTING
CRI,AstraZeneca - Vaxzevria,Vaxzevria,AstraZeneca,2/26/2021,4/19/2021,,,REPORTING
PAN,AstraZeneca - Vaxzevria,Vaxzevria,AstraZeneca,3/2/2021,4/22/2021,,,REPORTING
YEM,CanSino - Convidecia,Convidecia,CanSino Biologicals,,,,,REPORTING
OMN,CanSino - Convidecia,Convidecia,CanSino Biologicals,,,,,REPORTING
PSE,CanSino - Convidecia,Convidecia,CanSino Biologicals,,,,,REPORTING
DJI,CanSino - Convidecia,Convidecia,CanSino Biologicals,,,,,REPORTING
MYS,CanSino - Convidecia,Convidecia,CanSino Biologicals,6/15/2021,,,,REPORTING
MEX,CanSino - Convidecia,Convidecia,CanSino Biologicals,2/8/2021,1/1/2021,,,REPORTING
JOR,CanSino - Convidecia,Convidecia,CanSino Biologicals,,,,,REPORTING
IRN,CanSino - Convidecia,Convidecia,CanSino Biologicals,,,,,REPORTING
SYR,CanSino - Convidecia,Convidecia,CanSino Biologicals,,,,,REPORTING
LBN,CanSino - Convidecia,Convidecia,CanSino Biologicals,,,,,REPORTING
QAT,CanSino - Convidecia,Convidecia,CanSino Biologicals,,,,,REPORTING
LBY,CanSino - Convidecia,Convidecia,CanSino Biologicals,,,,,REPORTING
PAK,CanSino - Convidecia,Convidecia,CanSino Biologicals,1/20/2021,2/3/2021,,,REPORTING
SAU,CanSino - Convidecia,Convidecia,CanSino Biologicals,,,,,REPORTING
SDN,CanSino - Convidecia,Convidecia,CanSino Biologicals,,,,,REPORTING
KWT,CanSino - Convidecia,Convidecia,CanSino Biologicals,,,,,REPORTING
IRQ,CanSino - Convidecia,Convidecia,CanSino Biologicals,,,,,REPORTING
BHR,CanSino - Convidecia,Convidecia,CanSino Biologicals,,,,,REPORTING
SOM,CanSino - Convidecia,Convidecia,CanSino Biologicals,,,,,REPORTING
ARE,CanSino - Convidecia,Convidecia,CanSino Biologicals,,,,,REPORTING
CHN,CanSino - Convidecia,Convidecia,CanSino Biologicals,7/22/2020,7/22/2020,,,REPORTING
ARG,CanSino - Convidecia,Convidecia,CanSino Biologicals,,9/8/2021,,,REPORTING
EGY,CanSino - Convidecia,Convidecia,CanSino Biologicals,,,,,REPORTING
MAR,CanSino - Convidecia,Convidecia,CanSino Biologicals,,,,,REPORTING
ECU,CanSino - Convidecia,Convidecia,CanSino Biologicals,6/14/2021,8/2/2021,,,REPORTING
TUN,CanSino - Convidecia,Convidecia,CanSino Biologicals,,,,,REPORTING
AFG,CanSino - Convidecia,Convidecia,CanSino Biologicals,,,,,REPORTING
CHL,CanSino - Convidecia,Convidecia,CanSino Biologicals,4/7/2021,6/3/2021,,,REPORTING
BLR,Chumakov - Covi-Vac,Covi-Vac,Chumakov,,1/12/2022,,,REPORTING
ARM,Wuhan CNBG - Inactivated,Inactivated SARS-CoV-2 vaccine,Wuhan Institute of Biological Products (CNBG),,3/9/2022,,,REPORTING
MKD,Wuhan CNBG - Inactivated,Inactivated SARS-CoV-2 vaccine,Wuhan Institute of Biological Products (CNBG),,4/21/2021,,,REPORTING
CHN,Wuhan CNBG - Inactivated,Inactivated SARS-CoV-2 vaccine,Wuhan Institute of Biological Products (CNBG),7/22/2020,7/22/2020,,,REPORTING
FRA,Pfizer BioNTech - Comirnaty,Comirnaty,Pfizer BioNTech,,12/23/2020,,,REPORTING
FIN,Pfizer BioNTech - Comirnaty,Comirnaty,Pfizer BioNTech,,12/23/2020,,,REPORTING
SWE,Pfizer BioNTech - Comirnaty,Comirnaty,Pfizer BioNTech,,12/23/2020,,,REPORTING
ESP,Pfizer BioNTech - Comirnaty,Comirnaty,Pfizer BioNTech,,12/30/2020,,,REPORTING
GUF,Pfizer BioNTech - Comirnaty,Comirnaty,Pfizer BioNTech,,1/13/2021,,,REPORTING
PRI,Pfizer BioNTech - Comirnaty,Comirnaty,Pfizer BioNTech,12/11/2020,,,,REPORTING
LBN,Pfizer BioNTech - Comirnaty,Comirnaty,Pfizer BioNTech,12/16/2020,2/14/2021,,,REPORTING
PHL,Pfizer BioNTech - Comirnaty,Comirnaty,Pfizer BioNTech,1/14/2021,5/12/2021,,,REPORTING
BRB,Pfizer BioNTech - Comirnaty,Comirnaty,Pfizer BioNTech,,8/19/2021,,,REPORTING
ABW,Pfizer BioNTech - Comirnaty,Comirnaty,Pfizer BioNTech,,2/17/2021,,,REPORTING
LAO,Pfizer BioNTech - Comirnaty,Comirnaty,Pfizer BioNTech,5/7/2021,6/15/2021,,,REPORTING
LTU,Pfizer BioNTech - Comirnaty,Comirnaty,Pfizer BioNTech,,12/23/2020,,,REPORTING
MTQ,Pfizer BioNTech - Comirnaty,Comirnaty,Pfizer BioNTech,,,,,REPORTING
SYR,Pfizer BioNTech - Comirnaty,Comirnaty,Pfizer BioNTech,2/3/2021,4/1/2021,,,REPORTING
SUR,Pfizer BioNTech - Comirnaty,Comirnaty,Pfizer BioNTech,8/20/2021,8/28/2021,,,REPORTING
CIV,Pfizer BioNTech - Comirnaty,Comirnaty,Pfizer BioNTech,1/15/2021,,,,REPORTING
LIE,Pfizer BioNTech - Comirnaty,Comirnaty,Pfizer BioNTech,,1/6/2021,,,REPORTING
GIN,Pfizer BioNTech - Comirnaty,Comirnaty,Pfizer BioNTech,1/27/2021,3/5/2021,,,REPORTING
DOM,Pfizer BioNTech - Comirnaty,Comirnaty,Pfizer BioNTech,,,,,REPORTING
SXM,Pfizer BioNTech - Comirnaty,Comirnaty,Pfizer BioNTech,,2/22/2021,,,REPORTING
BTN,Pfizer BioNTech - Comirnaty,Comirnaty,Pfizer BioNTech,3/8/2021,7/20/2021,,,REPORTING
ISR,Pfizer BioNTech - Comirnaty,Comirnaty,Pfizer BioNTech,,12/16/2020,,,REPORTING
COL,Pfizer BioNTech - Comirnaty,Comirnaty,Pfizer BioNTech,1/5/2021,2/17/2021,,,REPORTING
MDV,Pfizer BioNTech - Comirnaty,Comirnaty,Pfizer BioNTech,3/14/2021,4/13/2021,,,REPORTING
JOR,Pfizer BioNTech - Comirnaty,Comirnaty,Pfizer BioNTech,12/13/2020,1/13/2021,,,REPORTING
IRN,Pfizer BioNTech - Comirnaty,Comirnaty,Pfizer BioNTech,,,,,REPORTING
XKX,Pfizer BioNTech - Comirnaty,Comirnaty,Pfizer BioNTech,,5/5/2021,,,REPORTING
SLV,Pfizer BioNTech - Comirnaty,Comirnaty,Pfizer BioNTech,1/17/2021,3/23/2021,,,REPORTING
BES,Pfizer BioNTech - Comirnaty,Comirnaty,Pfizer BioNTech,,2/22/2021,,,REPORTING
MNG,Pfizer BioNTech - Comirnaty,Comirnaty,Pfizer BioNTech,1/10/2021,3/26/2021,,,REPORTING
CMR,Pfizer BioNTech - Comirnaty,Comirnaty,Pfizer BioNTech,8/19/2021,,,,REPORTING
LKA,Pfizer BioNTech - Comirnaty,Comirnaty,Pfizer BioNTech,5/8/2021,7/7/2021,,,REPORTING
PRY,Pfizer BioNTech - Comirnaty,Comirnaty,Pfizer BioNTech,,7/12/2021,,,REPORTING
NLD,Pfizer BioNTech - Comirnaty,Comirnaty,Pfizer BioNTech,,12/30/2020,,,REPORTING
NIC,Pfizer BioNTech - Comirnaty,Comirnaty,Pfizer BioNTech,12/31/2020,10/13/2021,,,REPORTING
MNE,Pfizer BioNTech - Comirnaty,Comirnaty,Pfizer BioNTech,,5/5/2021,,,REPORTING
BGD,Pfizer BioNTech - Comirnaty,Comirnaty,Pfizer BioNTech,3/8/2021,6/21/2021,,,REPORTING
WSM,Pfizer BioNTech - Comirnaty,Comirnaty,Pfizer BioNTech,,10/25/2021,,,REPORTING
SRB,Pfizer BioNTech - Comirnaty,Comirnaty,Pfizer BioNTech,,12/23/2020,,,REPORTING
UZB,Pfizer BioNTech - Comirnaty,Comirnaty,Pfizer BioNTech,,9/15/2021,,,REPORTING
ASM,Pfizer BioNTech - Comirnaty,Comirnaty,Pfizer BioNTech,12/11/2020,12/21/2020,,,REPORTING
TON,Pfizer BioNTech - Comirnaty,Comirnaty,Pfizer BioNTech,10/13/2021,10/21/2021,,,REPORTING
SDN,Pfizer BioNTech - Comirnaty,Comirnaty,Pfizer BioNTech,,,,,REPORTING
NZL,Pfizer BioNTech - Comirnaty,Comirnaty,Pfizer BioNTech,2/3/2021,2/19/2021,,,REPORTING
KWT,Pfizer BioNTech - Comirnaty,Comirnaty,Pfizer BioNTech,12/13/2020,12/28/2020,,,REPORTING
URY,Pfizer BioNTech - Comirnaty,Comirnaty,Pfizer BioNTech,1/21/2021,3/12/2021,,,REPORTING
BLZ,Pfizer BioNTech - Comirnaty,Comirnaty,Pfizer BioNTech,12/31/2021,8/21/2021,,,REPORTING
CZE,Pfizer BioNTech - Comirnaty,Comirnaty,Pfizer BioNTech,,12/23/2020,,,REPORTING
RWA,Pfizer BioNTech - Comirnaty,Comirnaty,Pfizer BioNTech,2/19/2021,3/5/2021,,,REPORTING
BHS,Pfizer BioNTech - Comirnaty,Comirnaty,Pfizer BioNTech,,8/12/2021,,,REPORTING
CYP,Pfizer BioNTech - Comirnaty,Comirnaty,Pfizer BioNTech,,12/23/2020,,,REPORTING
ISL,Pfizer BioNTech - Comirnaty,Comirnaty,Pfizer BioNTech,,12/30/2020,,,REPORTING
CHE,Pfizer BioNTech - Comirnaty,Comirnaty,Pfizer BioNTech,,12/23/2020,,,REPORTING
LCA,Pfizer BioNTech - Comirnaty,Comirnaty,Pfizer BioNTech,,,,,REPORTING
JPN,Pfizer BioNTech - Comirnaty,Comirnaty,Pfizer BioNTech,2/14/2021,2/17/2021,,,REPORTING
PRT,Pfizer BioNTech - Comirnaty,Comirnaty,Pfizer BioNTech,,12/23/2020,,,REPORTING
SVN,Pfizer BioNTech - Comirnaty,Comirnaty,Pfizer BioNTech,,12/23/2020,,,REPORTING
SAU,Pfizer BioNTech - Comirnaty,Comirnaty,Pfizer BioNTech,12/10/2020,1/6/2021,,,REPORTING
VGB,Pfizer BioNTech - Comirnaty,Comirnaty,Pfizer BioNTech,,,,,REPORTING
KEN,Pfizer BioNTech - Comirnaty,Comirnaty,Pfizer BioNTech,,,,,REPORTING
HND,Pfizer BioNTech - Comirnaty,Comirnaty,Pfizer BioNTech,,6/21/2021,,,REPORTING
ATG,Pfizer BioNTech - Comirnaty,Comirnaty,Pfizer BioNTech,8/12/2021,8/24/2021,,,REPORTING
NPL,Pfizer BioNTech - Comirnaty,Comirnaty,Pfizer BioNTech,6/30/2021,11/14/2021,,,REPORTING
SLB,Pfizer BioNTech - Comirnaty,Comirnaty,Pfizer BioNTech,10/15/2021,12/16/2021,,,REPORTING
PAK,Pfizer BioNTech - Comirnaty,Comirnaty,Pfizer BioNTech,1/20/2021,2/3/2021,,,REPORTING
BMU,Pfizer BioNTech - Comirnaty,Comirnaty,Pfizer BioNTech,12/2/2020,1/11/2021,,,REPORTING
ALB,Pfizer BioNTech - Comirnaty,Comirnaty,Pfizer BioNTech,,1/13/2021,,,REPORTING
LBY,Pfizer BioNTech - Comirnaty,Comirnaty,Pfizer BioNTech,2/24/2021,4/11/2021,,,REPORTING
VCT,Pfizer BioNTech - Comirnaty,Comirnaty,Pfizer BioNTech,,,,,REPORTING
EST,Pfizer BioNTech - Comirnaty,Comirnaty,Pfizer BioNTech,,12/23/2020,,,REPORTING
MNP,Pfizer BioNTech - Comirnaty,Comirnaty,Pfizer BioNTech,12/11/2020,12/19/2020,,,REPORTING
ARG,Pfizer BioNTech - Comirnaty,Comirnaty,Pfizer BioNTech,,9/16/2021,,,REPORTING
GTM,Pfizer BioNTech - Comirnaty,Comirnaty,Pfizer BioNTech,,8/22/2021,,,REPORTING
TCA,Pfizer BioNTech - Comirnaty,Comirnaty,Pfizer BioNTech,,1/11/2021,,,REPORTING
COK,Pfizer BioNTech - Comirnaty,Comirnaty,Pfizer BioNTech,2/3/2021,5/17/2021,,,REPORTING
MLT,Pfizer BioNTech - Comirnaty,Comirnaty,Pfizer BioNTech,,12/23/2020,,,REPORTING
QAT,Pfizer BioNTech - Comirnaty,Comirnaty,Pfizer BioNTech,,,,,REPORTING
MKD,Pfizer BioNTech - Comirnaty,Comirnaty,Pfizer BioNTech,,2/17/2021,,,REPORTING
BRA,Pfizer BioNTech - Comirnaty,Comirnaty,Pfizer BioNTech,2/23/2021,5/3/2021,,,REPORTING
PYF,Pfizer BioNTech - Comirnaty,Comirnaty,Pfizer BioNTech,12/29/2020,1/18/2021,,,REPORTING
MCO,Pfizer BioNTech - Comirnaty,Comirnaty,Pfizer BioNTech,,6/30/2021,,,REPORTING
CHN,Pfizer BioNTech - Comirnaty,Comirnaty,Pfizer BioNTech,1/25/2021,3/6/2021,,,REPORTING
BEL,Pfizer BioNTech - Comirnaty,Comirnaty,Pfizer BioNTech,,12/30/2020,,,REPORTING
LVA,Pfizer BioNTech - Comirnaty,Comirnaty,Pfizer BioNTech,,12/30/2020,,,REPORTING
GRC,Pfizer BioNTech - Comirnaty,Comirnaty,Pfizer BioNTech,,12/23/2020,,,REPORTING
BOL,Pfizer BioNTech - Comirnaty,Comirnaty,Pfizer BioNTech,4/29/2021,4/30/2021,,,REPORTING
GUM,Pfizer BioNTech - Comirnaty,Comirnaty,Pfizer BioNTech,12/11/2020,1/4/2021,,,REPORTING
AUT,Pfizer BioNTech - Comirnaty,Comirnaty,Pfizer BioNTech,,12/30/2020,,,REPORTING
CAN,Pfizer BioNTech - Comirnaty,Comirnaty,Pfizer BioNTech,12/9/2020,12/14/2020,,,REPORTING
PER,Pfizer BioNTech - Comirnaty,Comirnaty,Pfizer BioNTech,2/1/2021,3/8/2021,,,REPORTING
TKL,Pfizer BioNTech - Comirnaty,Comirnaty,Pfizer BioNTech,2/3/2021,7/20/2021,,,REPORTING
BGR,Pfizer BioNTech - Comirnaty,Comirnaty,Pfizer BioNTech,,12/30/2020,,,REPORTING
ARE,Pfizer BioNTech - Comirnaty,Comirnaty,Pfizer BioNTech,,,,,REPORTING
NIU,Pfizer BioNTech - Comirnaty,Comirnaty,Pfizer BioNTech,,6/8/2021,,,REPORTING
NAM,Pfizer BioNTech - Comirnaty,Comirnaty,Pfizer BioNTech,7/9/2021,,,,REPORTING
SGP,Pfizer BioNTech - Comirnaty,Comirnaty,Pfizer BioNTech,12/14/2020,12/30/2020,,,REPORTING
HRV,Pfizer BioNTech - Comirnaty,Comirnaty,Pfizer BioNTech,,12/23/2020,,,REPORTING
PLW,Pfizer BioNTech - Comirnaty,Comirnaty,Pfizer BioNTech,12/11/2020,7/26/2021,,,REPORTING
GLP,Pfizer BioNTech - Comirnaty,Comirnaty,Pfizer BioNTech,,1/8/2021,,,REPORTING
CYM,Pfizer BioNTech - Comirnaty,Comirnaty,Pfizer BioNTech,12/2/2020,1/15/2021,,,REPORTING
SOM,Pfizer BioNTech - Comirnaty,Comirnaty,Pfizer BioNTech,2/22/2021,3/16/2021,,,REPORTING
AUS,Pfizer BioNTech - Comirnaty,Comirnaty,Pfizer BioNTech,1/25/2021,2/21/2021,,,REPORTING
IRQ,Pfizer BioNTech - Comirnaty,Comirnaty,Pfizer BioNTech,12/29/2020,3/2/2021,,,REPORTING
BHR,Pfizer BioNTech - Comirnaty,Comirnaty,Pfizer BioNTech,11/3/2020,11/4/2020,,,REPORTING
GUY,Pfizer BioNTech - Comirnaty,Comirnaty,Pfizer BioNTech,,8/24/2021,,,REPORTING
BWA,Pfizer BioNTech - Comirnaty,Comirnaty,Pfizer BioNTech,2/25/2021,3/26/2021,,,REPORTING
ITA,Pfizer BioNTech - Comirnaty,Comirnaty,Pfizer BioNTech,,12/23/2020,,,REPORTING
BRN,Pfizer BioNTech - Comirnaty,Comirnaty,Pfizer BioNTech,,,,,REPORTING
TTO,Pfizer BioNTech - Comirnaty,Comirnaty,Pfizer BioNTech,,10/12/2021,,,REPORTING
MDA,Pfizer BioNTech - Comirnaty,Comirnaty,Pfizer BioNTech,,3/24/2021,,,REPORTING
SWZ,Pfizer BioNTech - Comirnaty,Comirnaty,Pfizer BioNTech,,,,,REPORTING
AFG,Pfizer BioNTech - Comirnaty,Comirnaty,Pfizer BioNTech,,,,,REPORTING
CHL,Pfizer BioNTech - Comirnaty,Comirnaty,Pfizer BioNTech,12/16/2020,12/21/2020,,,REPORTING
DNK,Pfizer BioNTech - Comirnaty,Comirnaty,Pfizer BioNTech,,12/16/2020,,,REPORTING
AND,Pfizer BioNTech - Comirnaty,Comirnaty,Pfizer BioNTech,,1/20/2021,,,REPORTING
GBR,Pfizer BioNTech - Comirnaty,Comirnaty,Pfizer BioNTech,,12/21/2020,,,REPORTING
TUN,Pfizer BioNTech - Comirnaty,Comirnaty,Pfizer BioNTech,1/11/2021,3/13/2021,,,REPORTING
UGA,Pfizer BioNTech - Comirnaty,Comirnaty,Pfizer BioNTech,,,,,REPORTING
AIA,Pfizer BioNTech - Comirnaty,Comirnaty,Pfizer BioNTech,,9/6/2021,,,REPORTING
GAB,Pfizer BioNTech - Comirnaty,Comirnaty,Pfizer BioNTech,,,,,REPORTING
MAR,Pfizer BioNTech - Comirnaty,Comirnaty,Pfizer BioNTech,1/6/2021,1/28/2021,,,REPORTING
TZA,Pfizer BioNTech - Comirnaty,Comirnaty,Pfizer BioNTech,8/24/2021,,,,REPORTING
ECU,Pfizer BioNTech - Comirnaty,Comirnaty,Pfizer BioNTech,12/17/2021,1/20/2021,,,REPORTING
KGZ,Pfizer BioNTech - Comirnaty,Comirnaty,Pfizer BioNTech,,11/3/2021,,,REPORTING
HUN,Pfizer BioNTech - Comirnaty,Comirnaty,Pfizer BioNTech,,12/23/2020,,,REPORTING
DMA,Pfizer BioNTech - Comirnaty,Comirnaty,Pfizer BioNTech,,9/23/2021,,,REPORTING
IDN,Pfizer BioNTech - Comirnaty,Comirnaty,Pfizer BioNTech,7/14/2021,8/23/2021,,,REPORTING
TJK,Pfizer BioNTech - Comirnaty,Comirnaty,Pfizer BioNTech,,10/6/2021,,,REPORTING
KHM,Pfizer BioNTech - Comirnaty,Comirnaty,Pfizer BioNTech,8/2/2021,1/14/2022,,,REPORTING
THA,Pfizer BioNTech - Comirnaty,Comirnaty,Pfizer BioNTech,6/24/2021,8/6/2021,,,REPORTING
EGY,Pfizer BioNTech - Comirnaty,Comirnaty,Pfizer BioNTech,12/30/2020,1/24/2021,,,REPORTING
UKR,Pfizer BioNTech - Comirnaty,Comirnaty,Pfizer BioNTech,,4/14/2021,,,REPORTING
MEX,Pfizer BioNTech - Comirnaty,Comirnaty,Pfizer BioNTech,12/11/2020,12/24/2020,,,REPORTING
JAM,Pfizer BioNTech - Comirnaty,Comirnaty,Pfizer BioNTech,8/16/2021,8/21/2021,,,REPORTING
ROU,Pfizer BioNTech - Comirnaty,Comirnaty,Pfizer BioNTech,,1/27/2021,,,REPORTING
FSM,Pfizer BioNTech - Comirnaty,Comirnaty,Pfizer BioNTech,12/11/2020,8/24/2021,,,REPORTING
GRD,Pfizer BioNTech - Comirnaty,Comirnaty,Pfizer BioNTech,,8/23/2021,,,REPORTING
USA,Pfizer BioNTech - Comirnaty,Comirnaty,Pfizer BioNTech,12/11/2020,12/14/2020,,,REPORTING
KOR,Pfizer BioNTech - Comirnaty,Comirnaty,Pfizer BioNTech,3/4/2021,2/27/2021,,,REPORTING
POL,Pfizer BioNTech - Comirnaty,Comirnaty,Pfizer BioNTech,,12/23/2020,,,REPORTING
NCL,Pfizer BioNTech - Comirnaty,Comirnaty,Pfizer BioNTech,12/29/2020,1/20/2021,,,REPORTING
BEN,Pfizer BioNTech - Comirnaty,Comirnaty,Pfizer BioNTech,,,,,REPORTING
ZAF,Pfizer BioNTech - Comirnaty,Comirnaty,Pfizer BioNTech,,,,,REPORTING
LUX,Pfizer BioNTech - Comirnaty,Comirnaty,Pfizer BioNTech,,12/30/2020,,,REPORTING
NOR,Pfizer BioNTech - Comirnaty,Comirnaty,Pfizer BioNTech,,12/23/2020,,,REPORTING
KNA,Pfizer BioNTech - Comirnaty,Comirnaty,Pfizer BioNTech,9/1/2021,9/1/2021,,,REPORTING
MHL,Pfizer BioNTech - Comirnaty,Comirnaty,Pfizer BioNTech,12/11/2020,10/1/2021,,,REPORTING
AZE,Pfizer BioNTech - Comirnaty,Comirnaty,Pfizer BioNTech,,6/9/2021,,,REPORTING
SVK,Pfizer BioNTech - Comirnaty,Comirnaty,Pfizer BioNTech,,12/23/2020,,,REPORTING
OMN,Pfizer BioNTech - Comirnaty,Comirnaty,Pfizer BioNTech,2/14/2021,12/29/2020,,,REPORTING
TLS,Pfizer BioNTech - Comirnaty,Comirnaty,Pfizer BioNTech,8/27/2021,10/27/2021,,,REPORTING
PSE,Pfizer BioNTech - Comirnaty,Comirnaty,Pfizer BioNTech,1/25/2021,2/2/2021,,,REPORTING
DJI,Pfizer BioNTech - Comirnaty,Comirnaty,Pfizer BioNTech,2/22/2021,3/15/2021,,,REPORTING
MYS,Pfizer BioNTech - Comirnaty,Comirnaty,Pfizer BioNTech,1/8/2021,2/24/2021,,,REPORTING
SMR,Pfizer BioNTech - Comirnaty,Comirnaty,Pfizer BioNTech,,3/3/2021,,,REPORTING
PAN,Pfizer BioNTech - Comirnaty,Comirnaty,Pfizer BioNTech,12/28/2020,1/20/2021,,,REPORTING
CPV,Pfizer BioNTech - Comirnaty,Comirnaty,Pfizer BioNTech,2/19/2021,3/18/2021,,,REPORTING
KAZ,Pfizer BioNTech - Comirnaty,Comirnaty,Pfizer BioNTech,,11/10/2021,,,REPORTING
CUW,Pfizer BioNTech - Comirnaty,Comirnaty,Pfizer BioNTech,,2/24/2021,,,REPORTING
MSR,Pfizer BioNTech - Comirnaty,Comirnaty,Pfizer BioNTech,,,,,REPORTING
IRL,Pfizer BioNTech - Comirnaty,Comirnaty,Pfizer BioNTech,,12/30/2020,,,REPORTING
ARM,Pfizer BioNTech - Comirnaty,Comirnaty,Pfizer BioNTech,,3/17/2021,,,REPORTING
DEU,Pfizer BioNTech - Comirnaty,Comirnaty,Pfizer BioNTech,,12/23/2020,,,REPORTING
VNM,Pfizer BioNTech - Comirnaty,Comirnaty,Pfizer BioNTech,6/12/2021,7/1/2021,,,REPORTING
YEM,Pfizer BioNTech - Comirnaty,Comirnaty,Pfizer BioNTech,,,,,REPORTING
GEO,Pfizer BioNTech - Comirnaty,Comirnaty,Pfizer BioNTech,,3/31/2021,,,REPORTING
CRI,Pfizer BioNTech - Comirnaty,Comirnaty,Pfizer BioNTech,12/15/2020,12/24/2020,,,REPORTING
FRA,Moderna - Spikevax,Spikevax,Moderna,,1/13/2021,,,REPORTING
FIN,Moderna - Spikevax,Spikevax,Moderna,,12/23/2020,,,REPORTING
SWE,Moderna - Spikevax,Spikevax,Moderna,,2/17/2021,,,REPORTING
ESP,Moderna - Spikevax,Spikevax,Moderna,,1/13/2021,,,REPORTING
GUF,Moderna - Spikevax,Spikevax,Moderna,,,,,REPORTING
PRI,Moderna - Spikevax,Spikevax,Moderna,,,,,REPORTING
LIE,Moderna - Spikevax,Spikevax,Moderna,,1/13/2021,,,REPORTING
LBN,Moderna - Spikevax,Spikevax,Moderna,12/16/2020,2/14/2021,,,REPORTING
FJI,Moderna - Spikevax,Spikevax,Moderna,9/1/2021,,,,REPORTING
PHL,Moderna - Spikevax,Spikevax,Moderna,5/5/2021,7/1/2021,,,REPORTING
BTN,Moderna - Spikevax,Spikevax,Moderna,6/22/2021,7/20/2021,,,REPORTING
ISR,Moderna - Spikevax,Spikevax,Moderna,,3/3/2021,,,REPORTING
COL,Moderna - Spikevax,Spikevax,Moderna,6/25/2021,7/27/2021,,,REPORTING
LTU,Moderna - Spikevax,Spikevax,Moderna,,1/13/2021,,,REPORTING
SYR,Moderna - Spikevax,Spikevax,Moderna,,,,,REPORTING
SUR,Moderna - Spikevax,Spikevax,Moderna,7/14/2021,7/27/2021,,,REPORTING
MDV,Moderna - Spikevax,Spikevax,Moderna,6/6/2021,,,,REPORTING
JOR,Moderna - Spikevax,Spikevax,Moderna,12/13/2020,1/13/2021,,,REPORTING
IRN,Moderna - Spikevax,Spikevax,Moderna,,,,,REPORTING
SLV,Moderna - Spikevax,Spikevax,Moderna,6/3/2021,8/2/2021,,,REPORTING
BES,Moderna - Spikevax,Spikevax,Moderna,,2/22/2021,,,REPORTING
SXM,Moderna - Spikevax,Spikevax,Moderna,,,,,REPORTING
ASM,Moderna - Spikevax,Spikevax,Moderna,12/18/2020,12/23/2020,,,REPORTING
MNG,Moderna - Spikevax,Spikevax,Moderna,1/10/2021,,,,REPORTING
LKA,Moderna - Spikevax,Spikevax,Moderna,6/28/2021,7/18/2021,,,REPORTING
PRY,Moderna - Spikevax,Spikevax,Moderna,12/29/2020,6/9/2021,,,REPORTING
NLD,Moderna - Spikevax,Spikevax,Moderna,,1/13/2021,,,REPORTING
NIC,Moderna - Spikevax,Spikevax,Moderna,,3/7/2022,,,REPORTING
SDN,Moderna - Spikevax,Spikevax,Moderna,,,,,REPORTING
IND,Moderna - Spikevax,Spikevax,Moderna,6/29/2021,,,,REPORTING
KWT,Moderna - Spikevax,Spikevax,Moderna,12/13/2020,12/28/2020,,,REPORTING
BGD,Moderna - Spikevax,Spikevax,Moderna,6/27/2021,7/13/2021,,,REPORTING
SRB,Moderna - Spikevax,Spikevax,Moderna,,11/10/2021,,,REPORTING
UZB,Moderna - Spikevax,Spikevax,Moderna,,7/28/2021,,,REPORTING
SAU,Moderna - Spikevax,Spikevax,Moderna,12/10/2020,1/6/2021,,,REPORTING
CZE,Moderna - Spikevax,Spikevax,Moderna,,12/30/2020,,,REPORTING
RWA,Moderna - Spikevax,Spikevax,Moderna,7/29/2021,,,,REPORTING
CYP,Moderna - Spikevax,Spikevax,Moderna,,1/20/2021,,,REPORTING
ISL,Moderna - Spikevax,Spikevax,Moderna,,1/13/2021,,,REPORTING
CHE,Moderna - Spikevax,Spikevax,Moderna,,12/23/2020,,,REPORTING
NPL,Moderna - Spikevax,Spikevax,Moderna,9/15/2021,12/19/2021,,,REPORTING
PAK,Moderna - Spikevax,Spikevax,Moderna,1/20/2021,2/3/2021,,,REPORTING
LCA,Moderna - Spikevax,Spikevax,Moderna,,,,,REPORTING
JPN,Moderna - Spikevax,Spikevax,Moderna,5/21/2021,5/24/2021,,,REPORTING
PRT,Moderna - Spikevax,Spikevax,Moderna,,12/23/2020,,,REPORTING
SVN,Moderna - Spikevax,Spikevax,Moderna,,1/20/2021,,,REPORTING
BMU,Moderna - Spikevax,Spikevax,Moderna,,,,,REPORTING
LBY,Moderna - Spikevax,Spikevax,Moderna,2/24/2021,4/11/2021,,,REPORTING
EST,Moderna - Spikevax,Spikevax,Moderna,,1/20/2021,,,REPORTING
MNP,Moderna - Spikevax,Spikevax,Moderna,12/18/2020,1/12/2021,,,REPORTING
KEN,Moderna - Spikevax,Spikevax,Moderna,,,,,REPORTING
HND,Moderna - Spikevax,Spikevax,Moderna,2/17/2021,2/22/2021,,,REPORTING
MCO,Moderna - Spikevax,Spikevax,Moderna,,3/2/2022,,,REPORTING
BEL,Moderna - Spikevax,Spikevax,Moderna,,1/13/2021,,,REPORTING
ARG,Moderna - Spikevax,Spikevax,Moderna,7/23/2021,8/2/2021,,,REPORTING
GTM,Moderna - Spikevax,Spikevax,Moderna,2/25/2021,2/25/2021,,,REPORTING
MLT,Moderna - Spikevax,Spikevax,Moderna,,1/13/2021,,,REPORTING
QAT,Moderna - Spikevax,Spikevax,Moderna,,,,,REPORTING
GRC,Moderna - Spikevax,Spikevax,Moderna,,12/23/2020,,,REPORTING
BOL,Moderna - Spikevax,Spikevax,Moderna,,1/10/2022,,,REPORTING
GUM,Moderna - Spikevax,Spikevax,Moderna,12/18/2020,1/29/2021,,,REPORTING
AUT,Moderna - Spikevax,Spikevax,Moderna,,1/13/2021,,,REPORTING
CAN,Moderna - Spikevax,Spikevax,Moderna,12/23/2020,,,,REPORTING
MKD,Moderna - Spikevax,Spikevax,Moderna,,8/10/2022,,,REPORTING
GLP,Moderna - Spikevax,Spikevax,Moderna,,,,,REPORTING
SOM,Moderna - Spikevax,Spikevax,Moderna,,,,,REPORTING
PER,Moderna - Spikevax,Spikevax,Moderna,,,,,REPORTING
BGR,Moderna - Spikevax,Spikevax,Moderna,,1/13/2021,,,REPORTING
ARE,Moderna - Spikevax,Spikevax,Moderna,,,,,REPORTING
LVA,Moderna - Spikevax,Spikevax,Moderna,,1/13/2021,,,REPORTING
GUY,Moderna - Spikevax,Spikevax,Moderna,,7/3/2021,,,REPORTING
BWA,Moderna - Spikevax,Spikevax,Moderna,4/16/2021,3/26/2021,,,REPORTING
ITA,Moderna - Spikevax,Spikevax,Moderna,,1/6/2021,,,REPORTING
SGP,Moderna - Spikevax,Spikevax,Moderna,2/3/2021,3/17/2021,,,REPORTING
HRV,Moderna - Spikevax,Spikevax,Moderna,,12/30/2020,,,REPORTING
PLW,Moderna - Spikevax,Spikevax,Moderna,12/18/2020,1/3/2021,,,REPORTING
AFG,Moderna - Spikevax,Spikevax,Moderna,,,,,REPORTING
HTI,Moderna - Spikevax,Spikevax,Moderna,,,,,REPORTING
CHL,Moderna - Spikevax,Spikevax,Moderna,2/2/2022,2/2/2022,,,REPORTING
AUS,Moderna - Spikevax,Spikevax,Moderna,8/9/2021,9/20/2021,,,REPORTING
IRQ,Moderna - Spikevax,Spikevax,Moderna,,,,,REPORTING
BHR,Moderna - Spikevax,Spikevax,Moderna,,,,,REPORTING
AND,Moderna - Spikevax,Spikevax,Moderna,,7/14/2021,,,REPORTING
GBR,Moderna - Spikevax,Spikevax,Moderna,,1/11/2021,,,REPORTING
TUN,Moderna - Spikevax,Spikevax,Moderna,1/11/2021,3/13/2021,,,REPORTING
UGA,Moderna - Spikevax,Spikevax,Moderna,,,,,REPORTING
BRN,Moderna - Spikevax,Spikevax,Moderna,4/9/2021,6/21/2021,,,REPORTING
MDA,Moderna - Spikevax,Spikevax,Moderna,,12/8/2021,,,REPORTING
COG,Moderna - Spikevax,Spikevax,Moderna,3/3/2021,3/23/2021,,,REPORTING
EGY,Moderna - Spikevax,Spikevax,Moderna,12/30/2020,1/24/2021,,,REPORTING
MAR,Moderna - Spikevax,Spikevax,Moderna,,,,,REPORTING
KGZ,Moderna - Spikevax,Spikevax,Moderna,,12/15/2021,,,REPORTING
HUN,Moderna - Spikevax,Spikevax,Moderna,,1/13/2021,,,REPORTING
DNK,Moderna - Spikevax,Spikevax,Moderna,,12/16/2020,,,REPORTING
GRD,Moderna - Spikevax,Spikevax,Moderna,,3/23/2022,,,REPORTING
DMA,Moderna - Spikevax,Spikevax,Moderna,,2/10/2022,,,REPORTING
IDN,Moderna - Spikevax,Spikevax,Moderna,7/1/2021,7/25/2021,,,REPORTING
TJK,Moderna - Spikevax,Spikevax,Moderna,,7/28/2021,,,REPORTING
KHM,Moderna - Spikevax,Spikevax,Moderna,8/2/2021,12/16/2021,,,REPORTING
THA,Moderna - Spikevax,Spikevax,Moderna,5/13/2021,11/8/2021,,,REPORTING
KOR,Moderna - Spikevax,Spikevax,Moderna,5/21/2021,6/1/2021,,,REPORTING
POL,Moderna - Spikevax,Spikevax,Moderna,,12/30/2020,,,REPORTING
UKR,Moderna - Spikevax,Spikevax,Moderna,,7/21/2021,,,REPORTING
MEX,Moderna - Spikevax,Spikevax,Moderna,8/17/2021,1/13/2021,,,REPORTING
ROU,Moderna - Spikevax,Spikevax,Moderna,,2/3/2021,,,REPORTING
FSM,Moderna - Spikevax,Spikevax,Moderna,12/18/2020,1/13/2021,,,REPORTING
MYS,Moderna - Spikevax,Spikevax,Moderna,8/5/2021,,,,REPORTING
LUX,Moderna - Spikevax,Spikevax,Moderna,,1/20/2021,,,REPORTING
NOR,Moderna - Spikevax,Spikevax,Moderna,,1/6/2021,,,REPORTING
MHL,Moderna - Spikevax,Spikevax,Moderna,12/18/2020,12/29/2020,,,REPORTING
SVK,Moderna - Spikevax,Spikevax,Moderna,,12/30/2020,,,REPORTING
USA,Moderna - Spikevax,Spikevax,Moderna,12/18/2020,12/21/2020,,,REPORTING
CPV,Moderna - Spikevax,Spikevax,Moderna,,,,,REPORTING
CUW,Moderna - Spikevax,Spikevax,Moderna,,,,,REPORTING
IRL,Moderna - Spikevax,Spikevax,Moderna,,12/30/2020,,,REPORTING
OMN,Moderna - Spikevax,Spikevax,Moderna,,,,,REPORTING
PSE,Moderna - Spikevax,Spikevax,Moderna,1/25/2021,2/2/2021,,,REPORTING
DJI,Moderna - Spikevax,Spikevax,Moderna,,,,,REPORTING
ARM,Moderna - Spikevax,Spikevax,Moderna,,9/15/2021,,,REPORTING
DEU,Moderna - Spikevax,Spikevax,Moderna,,1/13/2021,,,REPORTING
VNM,Moderna - Spikevax,Spikevax,Moderna,6/28/2021,7/1/2021,,,REPORTING
WLF,Moderna - Spikevax,Spikevax,Moderna,1/6/2021,3/19/2021,,,REPORTING
YEM,Moderna - Spikevax,Spikevax,Moderna,,,,,REPORTING
CRI,Moderna - Spikevax,Spikevax,Moderna,,2/22/2022,,,REPORTING
TKM,SRCVB - EpiVacCorona,EpiVacCorona,State Research Center of Virology & Biotechnology,,2/24/2021,,,REPORTING
ETH,Bharat - Covaxin,Covaxin,Bharat Biotech,3/3/2021,3/13/2021,,,REPORTING
YEM,Bharat - Covaxin,Covaxin,Bharat Biotech,,,,,REPORTING
OMN,Bharat - Covaxin,Covaxin,Bharat Biotech,,,,,REPORTING
ZWE,Bharat - Covaxin,Covaxin,Bharat Biotech,,2/18/2021,,,REPORTING
PSE,Bharat - Covaxin,Covaxin,Bharat Biotech,,,,,REPORTING
DJI,Bharat - Covaxin,Covaxin,Bharat Biotech,,,,,REPORTING
SYR,Bharat - Covaxin,Covaxin,Bharat Biotech,,,,,REPORTING
LBN,Bharat - Covaxin,Covaxin,Bharat Biotech,,,,,REPORTING
PHL,Bharat - Covaxin,Covaxin,Bharat Biotech,4/19/2021,,,,REPORTING
SDN,Bharat - Covaxin,Covaxin,Bharat Biotech,,,,,REPORTING
IND,Bharat - Covaxin,Covaxin,Bharat Biotech,1/3/2021,1/16/2021,,,REPORTING
KWT,Bharat - Covaxin,Covaxin,Bharat Biotech,,,,,REPORTING
PRY,Bharat - Covaxin,Covaxin,Bharat Biotech,1/3/2021,4/10/2021,,,REPORTING
JOR,Bharat - Covaxin,Covaxin,Bharat Biotech,,,,,REPORTING
IRN,Bharat - Covaxin,Covaxin,Bharat Biotech,1/27/2021,2/9/2021,,,REPORTING
LBY,Bharat - Covaxin,Covaxin,Bharat Biotech,,,,,REPORTING
CAF,Bharat - Covaxin,Covaxin,Bharat Biotech,2/26/2021,3/19/2021,,,REPORTING
NPL,Bharat - Covaxin,Covaxin,Bharat Biotech,3/19/2021,,,,REPORTING
PAK,Bharat - Covaxin,Covaxin,Bharat Biotech,,,,,REPORTING
PRT,Bharat - Covaxin,Covaxin,Bharat Biotech,,1/6/2021,,,REPORTING
SAU,Bharat - Covaxin,Covaxin,Bharat Biotech,,,,,REPORTING
IRQ,Bharat - Covaxin,Covaxin,Bharat Biotech,,,,,REPORTING
BHR,Bharat - Covaxin,Covaxin,Bharat Biotech,,,,,REPORTING
BWA,Bharat - Covaxin,Covaxin,Bharat Biotech,4/16/2021,,,,REPORTING
SOM,Bharat - Covaxin,Covaxin,Bharat Biotech,,,,,REPORTING
ARE,Bharat - Covaxin,Covaxin,Bharat Biotech,,,,,REPORTING
QAT,Bharat - Covaxin,Covaxin,Bharat Biotech,,,,,REPORTING
EGY,Bharat - Covaxin,Covaxin,Bharat Biotech,,,,,REPORTING
MAR,Bharat - Covaxin,Covaxin,Bharat Biotech,,,,,REPORTING
MUS,Bharat - Covaxin,Covaxin,Bharat Biotech,3/18/2021,,,,REPORTING
TUN,Bharat - Covaxin,Covaxin,Bharat Biotech,,,,,REPORTING
AFG,Bharat - Covaxin,Covaxin,Bharat Biotech,2/23/2021,2/22/2021,,,REPORTING
COM,Bharat - Covaxin,Covaxin,Bharat Biotech,2/1/2021,4/10/2021,,,REPORTING
ETH,Janssen - Ad26.COV 2-S,Ad26.COV 2-S,Janssen Pharmaceuticals,,,,,REPORTING
FRA,Janssen - Ad26.COV 2-S,Ad26.COV 2-S,Janssen Pharmaceuticals,,4/21/2021,,,REPORTING
FIN,Janssen - Ad26.COV 2-S,Ad26.COV 2-S,Janssen Pharmaceuticals,,12/23/2020,,,REPORTING
ESP,Janssen - Ad26.COV 2-S,Ad26.COV 2-S,Janssen Pharmaceuticals,,4/21/2021,,,REPORTING
GUF,Janssen - Ad26.COV 2-S,Ad26.COV 2-S,Janssen Pharmaceuticals,,,,,REPORTING
PRI,Janssen - Ad26.COV 2-S,Ad26.COV 2-S,Janssen Pharmaceuticals,,,,,REPORTING
ABW,Janssen - Ad26.COV 2-S,Ad26.COV 2-S,Janssen Pharmaceuticals,,,,,REPORTING
LAO,Janssen - Ad26.COV 2-S,Ad26.COV 2-S,Janssen Pharmaceuticals,6/23/2021,7/25/2021,,,REPORTING
VUT,Janssen - Ad26.COV 2-S,Ad26.COV 2-S,Janssen Pharmaceuticals,12/22/2021,1/28/2022,,,REPORTING
SSD,Janssen - Ad26.COV 2-S,Ad26.COV 2-S,Janssen Pharmaceuticals,,,,,REPORTING
ZMB,Janssen - Ad26.COV 2-S,Ad26.COV 2-S,Janssen Pharmaceuticals,,,,,REPORTING
SYR,Janssen - Ad26.COV 2-S,Ad26.COV 2-S,Janssen Pharmaceuticals,2/3/2021,4/1/2021,,,REPORTING
CIV,Janssen - Ad26.COV 2-S,Ad26.COV 2-S,Janssen Pharmaceuticals,1/15/2021,,,,REPORTING
LIE,Janssen - Ad26.COV 2-S,Ad26.COV 2-S,Janssen Pharmaceuticals,,10/13/2021,,,REPORTING
LBN,Janssen - Ad26.COV 2-S,Ad26.COV 2-S,Janssen Pharmaceuticals,12/16/2020,2/14/2021,,,REPORTING
PHL,Janssen - Ad26.COV 2-S,Ad26.COV 2-S,Janssen Pharmaceuticals,4/19/2021,7/19/2021,,,REPORTING
BRB,Janssen - Ad26.COV 2-S,Ad26.COV 2-S,Janssen Pharmaceuticals,,10/15/2021,,,REPORTING
MDV,Janssen - Ad26.COV 2-S,Ad26.COV 2-S,Janssen Pharmaceuticals,2/6/2021,,,,REPORTING
JOR,Janssen - Ad26.COV 2-S,Ad26.COV 2-S,Janssen Pharmaceuticals,12/13/2020,1/13/2021,,,REPORTING
IRN,Janssen - Ad26.COV 2-S,Ad26.COV 2-S,Janssen Pharmaceuticals,,,,,REPORTING
GIN,Janssen - Ad26.COV 2-S,Ad26.COV 2-S,Janssen Pharmaceuticals,3/22/2021,3/5/2021,,,REPORTING
COL,Janssen - Ad26.COV 2-S,Ad26.COV 2-S,Janssen Pharmaceuticals,3/25/2021,6/23/2021,,,REPORTING
LTU,Janssen - Ad26.COV 2-S,Ad26.COV 2-S,Janssen Pharmaceuticals,,4/21/2021,,,REPORTING
ASM,Janssen - Ad26.COV 2-S,Ad26.COV 2-S,Janssen Pharmaceuticals,2/27/2021,3/16/2021,,,REPORTING
CMR,Janssen - Ad26.COV 2-S,Ad26.COV 2-S,Janssen Pharmaceuticals,7/22/2021,,,,REPORTING
BFA,Janssen - Ad26.COV 2-S,Ad26.COV 2-S,Janssen Pharmaceuticals,7/20/2021,,,,REPORTING
NLD,Janssen - Ad26.COV 2-S,Ad26.COV 2-S,Janssen Pharmaceuticals,,4/21/2021,,,REPORTING
NIC,Janssen - Ad26.COV 2-S,Ad26.COV 2-S,Janssen Pharmaceuticals,6/25/2021,10/8/2021,,,REPORTING
PNG,Janssen - Ad26.COV 2-S,Ad26.COV 2-S,Janssen Pharmaceuticals,6/21/2021,8/28/2021,,,REPORTING
NZL,Janssen - Ad26.COV 2-S,Ad26.COV 2-S,Janssen Pharmaceuticals,7/7/2021,,,,REPORTING
IND,Janssen - Ad26.COV 2-S,Ad26.COV 2-S,Janssen Pharmaceuticals,8/5/2021,,,,REPORTING
KWT,Janssen - Ad26.COV 2-S,Ad26.COV 2-S,Janssen Pharmaceuticals,12/13/2020,12/28/2020,,,REPORTING
BLZ,Janssen - Ad26.COV 2-S,Ad26.COV 2-S,Janssen Pharmaceuticals,,9/1/2021,,,REPORTING
BGD,Janssen - Ad26.COV 2-S,Ad26.COV 2-S,Janssen Pharmaceuticals,6/15/2021,,,,REPORTING
UZB,Janssen - Ad26.COV 2-S,Ad26.COV 2-S,Janssen Pharmaceuticals,,11/9/2022,,,REPORTING
RWA,Janssen - Ad26.COV 2-S,Ad26.COV 2-S,Janssen Pharmaceuticals,6/11/2021,,,,REPORTING
BHS,Janssen - Ad26.COV 2-S,Ad26.COV 2-S,Janssen Pharmaceuticals,,8/19/2021,,,REPORTING
CYP,Janssen - Ad26.COV 2-S,Ad26.COV 2-S,Janssen Pharmaceuticals,,4/28/2021,,,REPORTING
ISL,Janssen - Ad26.COV 2-S,Ad26.COV 2-S,Janssen Pharmaceuticals,,4/28/2021,,,REPORTING
CHE,Janssen - Ad26.COV 2-S,Ad26.COV 2-S,Janssen Pharmaceuticals,,12/23/2020,,,REPORTING
SDN,Janssen - Ad26.COV 2-S,Ad26.COV 2-S,Janssen Pharmaceuticals,2/20/2021,3/9/2021,,,REPORTING
LCA,Janssen - Ad26.COV 2-S,Ad26.COV 2-S,Janssen Pharmaceuticals,,,,,REPORTING
PRT,Janssen - Ad26.COV 2-S,Ad26.COV 2-S,Janssen Pharmaceuticals,,12/30/2020,,,REPORTING
SVN,Janssen - Ad26.COV 2-S,Ad26.COV 2-S,Janssen Pharmaceuticals,,4/28/2021,,,REPORTING
SAU,Janssen - Ad26.COV 2-S,Ad26.COV 2-S,Janssen Pharmaceuticals,12/10/2020,1/6/2021,,,REPORTING
VGB,Janssen - Ad26.COV 2-S,Ad26.COV 2-S,Janssen Pharmaceuticals,,,,,REPORTING
CZE,Janssen - Ad26.COV 2-S,Ad26.COV 2-S,Janssen Pharmaceuticals,,3/3/2021,,,REPORTING
MNP,Janssen - Ad26.COV 2-S,Ad26.COV 2-S,Janssen Pharmaceuticals,2/27/2021,3/19/2021,,,REPORTING
KEN,Janssen - Ad26.COV 2-S,Ad26.COV 2-S,Janssen Pharmaceuticals,,,,,REPORTING
HND,Janssen - Ad26.COV 2-S,Ad26.COV 2-S,Janssen Pharmaceuticals,,4/22/2021,,,REPORTING
ATG,Janssen - Ad26.COV 2-S,Ad26.COV 2-S,Janssen Pharmaceuticals,8/27/2021,9/6/2021,,,REPORTING
NPL,Janssen - Ad26.COV 2-S,Ad26.COV 2-S,Janssen Pharmaceuticals,6/30/2021,7/19/2021,,,REPORTING
PAK,Janssen - Ad26.COV 2-S,Ad26.COV 2-S,Janssen Pharmaceuticals,,,,,REPORTING
MCO,Janssen - Ad26.COV 2-S,Ad26.COV 2-S,Janssen Pharmaceuticals,,4/27/2022,,,REPORTING
BEL,Janssen - Ad26.COV 2-S,Ad26.COV 2-S,Janssen Pharmaceuticals,,4/28/2021,,,REPORTING
MLT,Janssen - Ad26.COV 2-S,Ad26.COV 2-S,Janssen Pharmaceuticals,,2/24/2021,,,REPORTING
QAT,Janssen - Ad26.COV 2-S,Ad26.COV 2-S,Janssen Pharmaceuticals,,,,,REPORTING
LBY,Janssen - Ad26.COV 2-S,Ad26.COV 2-S,Janssen Pharmaceuticals,2/24/2021,4/11/2021,,,REPORTING
EST,Janssen - Ad26.COV 2-S,Ad26.COV 2-S,Janssen Pharmaceuticals,,4/28/2021,,,REPORTING
GUM,Janssen - Ad26.COV 2-S,Ad26.COV 2-S,Janssen Pharmaceuticals,2/27/2021,3/15/2021,,,REPORTING
MWI,Janssen - Ad26.COV 2-S,Ad26.COV 2-S,Janssen Pharmaceuticals,,,,,REPORTING
AUT,Janssen - Ad26.COV 2-S,Ad26.COV 2-S,Janssen Pharmaceuticals,,3/17/2021,,,REPORTING
CAN,Janssen - Ad26.COV 2-S,Ad26.COV 2-S,Janssen Pharmaceuticals,,,,,REPORTING
BRA,Janssen - Ad26.COV 2-S,Ad26.COV 2-S,Janssen Pharmaceuticals,,6/23/2021,,,REPORTING
PYF,Janssen - Ad26.COV 2-S,Ad26.COV 2-S,Janssen Pharmaceuticals,3/25/2021,5/3/2021,,,REPORTING
BGR,Janssen - Ad26.COV 2-S,Ad26.COV 2-S,Janssen Pharmaceuticals,,5/12/2021,,,REPORTING
ARE,Janssen - Ad26.COV 2-S,Ad26.COV 2-S,Janssen Pharmaceuticals,,,,,REPORTING
NAM,Janssen - Ad26.COV 2-S,Ad26.COV 2-S,Janssen Pharmaceuticals,8/2/2021,,,,REPORTING
LVA,Janssen - Ad26.COV 2-S,Ad26.COV 2-S,Janssen Pharmaceuticals,,1/6/2021,,,REPORTING
GRC,Janssen - Ad26.COV 2-S,Ad26.COV 2-S,Janssen Pharmaceuticals,,1/6/2021,,,REPORTING
BOL,Janssen - Ad26.COV 2-S,Ad26.COV 2-S,Janssen Pharmaceuticals,,10/7/2021,,,REPORTING
ITA,Janssen - Ad26.COV 2-S,Ad26.COV 2-S,Janssen Pharmaceuticals,,1/6/2021,,,REPORTING
HRV,Janssen - Ad26.COV 2-S,Ad26.COV 2-S,Janssen Pharmaceuticals,,1/13/2021,,,REPORTING
SEN,Janssen - Ad26.COV 2-S,Ad26.COV 2-S,Janssen Pharmaceuticals,7/20/2021,,,,REPORTING
PLW,Janssen - Ad26.COV 2-S,Ad26.COV 2-S,Janssen Pharmaceuticals,2/27/2021,3/21/2021,,,REPORTING
GLP,Janssen - Ad26.COV 2-S,Ad26.COV 2-S,Janssen Pharmaceuticals,,,,,REPORTING
SOM,Janssen - Ad26.COV 2-S,Ad26.COV 2-S,Janssen Pharmaceuticals,2/22/2021,3/16/2021,,,REPORTING
HTI,Janssen - Ad26.COV 2-S,Ad26.COV 2-S,Janssen Pharmaceuticals,,,,,REPORTING
AUS,Janssen - Ad26.COV 2-S,Ad26.COV 2-S,Janssen Pharmaceuticals,6/25/2021,,,,REPORTING
IRQ,Janssen - Ad26.COV 2-S,Ad26.COV 2-S,Janssen Pharmaceuticals,,,,,REPORTING
BHR,Janssen - Ad26.COV 2-S,Ad26.COV 2-S,Janssen Pharmaceuticals,11/3/2020,11/4/2020,,,REPORTING
GUY,Janssen - Ad26.COV 2-S,Ad26.COV 2-S,Janssen Pharmaceuticals,,,,,REPORTING
BWA,Janssen - Ad26.COV 2-S,Ad26.COV 2-S,Janssen Pharmaceuticals,3/26/2021,,,,REPORTING
UGA,Janssen - Ad26.COV 2-S,Ad26.COV 2-S,Janssen Pharmaceuticals,,,,,REPORTING
BRN,Janssen - Ad26.COV 2-S,Ad26.COV 2-S,Janssen Pharmaceuticals,,,,,REPORTING
TTO,Janssen - Ad26.COV 2-S,Ad26.COV 2-S,Janssen Pharmaceuticals,,10/23/2021,,,REPORTING
MDA,Janssen - Ad26.COV 2-S,Ad26.COV 2-S,Janssen Pharmaceuticals,,5/26/2021,,,REPORTING
SWZ,Janssen - Ad26.COV 2-S,Ad26.COV 2-S,Janssen Pharmaceuticals,,,,,REPORTING
AFG,Janssen - Ad26.COV 2-S,Ad26.COV 2-S,Janssen Pharmaceuticals,2/23/2021,2/22/2021,,,REPORTING
MAR,Janssen - Ad26.COV 2-S,Ad26.COV 2-S,Janssen Pharmaceuticals,1/6/2021,1/28/2021,,,REPORTING
TZA,Janssen - Ad26.COV 2-S,Ad26.COV 2-S,Janssen Pharmaceuticals,7/20/2021,7/28/2021,,,REPORTING
HUN,Janssen - Ad26.COV 2-S,Ad26.COV 2-S,Janssen Pharmaceuticals,,5/5/2021,,,REPORTING
DNK,Janssen - Ad26.COV 2-S,Ad26.COV 2-S,Janssen Pharmaceuticals,,1/6/2021,,,REPORTING
MOZ,Janssen - Ad26.COV 2-S,Ad26.COV 2-S,Janssen Pharmaceuticals,7/26/2021,,,,REPORTING
TUN,Janssen - Ad26.COV 2-S,Ad26.COV 2-S,Janssen Pharmaceuticals,1/11/2021,3/13/2021,,,REPORTING
FSM,Janssen - Ad26.COV 2-S,Ad26.COV 2-S,Janssen Pharmaceuticals,2/27/2021,4/9/2021,,,REPORTING
GRD,Janssen - Ad26.COV 2-S,Ad26.COV 2-S,Janssen Pharmaceuticals,,11/12/2021,,,REPORTING
IDN,Janssen - Ad26.COV 2-S,Ad26.COV 2-S,Janssen Pharmaceuticals,9/7/2021,10/28/2021,,,REPORTING
KHM,Janssen - Ad26.COV 2-S,Ad26.COV 2-S,Janssen Pharmaceuticals,7/21/2021,8/1/2021,,,REPORTING
THA,Janssen - Ad26.COV 2-S,Ad26.COV 2-S,Janssen Pharmaceuticals,3/25/2021,,,,REPORTING
EGY,Janssen - Ad26.COV 2-S,Ad26.COV 2-S,Janssen Pharmaceuticals,12/30/2020,1/24/2021,,,REPORTING
BEN,Janssen - Ad26.COV 2-S,Ad26.COV 2-S,Janssen Pharmaceuticals,,,,,REPORTING
ZAF,Janssen - Ad26.COV 2-S,Ad26.COV 2-S,Janssen Pharmaceuticals,,2/17/2021,,,REPORTING
UKR,Janssen - Ad26.COV 2-S,Ad26.COV 2-S,Janssen Pharmaceuticals,,5/19/2021,,,REPORTING
MEX,Janssen - Ad26.COV 2-S,Ad26.COV 2-S,Janssen Pharmaceuticals,5/27/2021,1/18/2021,,,REPORTING
JAM,Janssen - Ad26.COV 2-S,Ad26.COV 2-S,Janssen Pharmaceuticals,7/13/2021,7/14/2021,,,REPORTING
ROU,Janssen - Ad26.COV 2-S,Ad26.COV 2-S,Janssen Pharmaceuticals,,5/5/2021,,,REPORTING
MHL,Janssen - Ad26.COV 2-S,Ad26.COV 2-S,Janssen Pharmaceuticals,2/27/2021,4/8/2021,,,REPORTING
SVK,Janssen - Ad26.COV 2-S,Ad26.COV 2-S,Janssen Pharmaceuticals,,3/3/2021,,,REPORTING
USA,Janssen - Ad26.COV 2-S,Ad26.COV 2-S,Janssen Pharmaceuticals,,3/1/2021,,,REPORTING
KOR,Janssen - Ad26.COV 2-S,Ad26.COV 2-S,Janssen Pharmaceuticals,4/7/2021,6/10/2021,,,REPORTING
POL,Janssen - Ad26.COV 2-S,Ad26.COV 2-S,Janssen Pharmaceuticals,,1/6/2021,,,REPORTING
NCL,Janssen - Ad26.COV 2-S,Ad26.COV 2-S,Janssen Pharmaceuticals,,,,,REPORTING
OMN,Janssen - Ad26.COV 2-S,Ad26.COV 2-S,Janssen Pharmaceuticals,,,,,REPORTING
PSE,Janssen - Ad26.COV 2-S,Ad26.COV 2-S,Janssen Pharmaceuticals,1/25/2021,2/2/2021,,,REPORTING
DJI,Janssen - Ad26.COV 2-S,Ad26.COV 2-S,Janssen Pharmaceuticals,2/22/2021,3/15/2021,,,REPORTING
MYS,Janssen - Ad26.COV 2-S,Ad26.COV 2-S,Janssen Pharmaceuticals,6/15/2021,,,,REPORTING
LUX,Janssen - Ad26.COV 2-S,Ad26.COV 2-S,Janssen Pharmaceuticals,,4/7/2021,,,REPORTING
NOR,Janssen - Ad26.COV 2-S,Ad26.COV 2-S,Janssen Pharmaceuticals,,3/3/2021,,,REPORTING
ARM,Janssen - Ad26.COV 2-S,Ad26.COV 2-S,Janssen Pharmaceuticals,,5/5/2021,,,REPORTING
DEU,Janssen - Ad26.COV 2-S,Ad26.COV 2-S,Janssen Pharmaceuticals,,4/21/2021,,,REPORTING
MDG,Janssen - Ad26.COV 2-S,Ad26.COV 2-S,Janssen Pharmaceuticals,7/21/2021,,,,REPORTING
YEM,Janssen - Ad26.COV 2-S,Ad26.COV 2-S,Janssen Pharmaceuticals,2/27/2021,4/20/2021,,,REPORTING
LSO,Janssen - Ad26.COV 2-S,Ad26.COV 2-S,Janssen Pharmaceuticals,7/7/2021,,,,REPORTING
IRL,Janssen - Ad26.COV 2-S,Ad26.COV 2-S,Janssen Pharmaceuticals,,12/30/2020,,,REPORTING
ARM,Sinovac - CoronaVac,Coronavac,Sinovac,,3/31/2021,,,REPORTING
YEM,Sinovac - CoronaVac,Coronavac,Sinovac,2/27/2021,4/20/2021,,,REPORTING
GEO,Sinovac - CoronaVac,Coronavac,Sinovac,,5/26/2021,,,REPORTING
KAZ,Sinovac - CoronaVac,Coronavac,Sinovac,,5/5/2021,,,REPORTING
OMN,Sinovac - CoronaVac,Coronavac,Sinovac,2/14/2021,12/29/2020,,,REPORTING
TLS,Sinovac - CoronaVac,Coronavac,Sinovac,1/6/2021,6/14/2021,,,REPORTING
LBN,Sinovac - CoronaVac,Coronavac,Sinovac,,,,,REPORTING
PHL,Sinovac - CoronaVac,Coronavac,Sinovac,2/22/2021,3/1/2021,,,REPORTING
LAO,Sinovac - CoronaVac,Coronavac,Sinovac,6/16/2021,10/5/2021,,,REPORTING
SLV,Sinovac - CoronaVac,Coronavac,Sinovac,3/9/2021,3/28/2021,,,REPORTING
GIN,Sinovac - CoronaVac,Coronavac,Sinovac,4/1/2021,3/5/2021,,,REPORTING
DOM,Sinovac - CoronaVac,Coronavac,Sinovac,12/20/2020,2/24/2021,,,REPORTING
COL,Sinovac - CoronaVac,Coronavac,Sinovac,2/4/2021,2/22/2021,,,REPORTING
SYR,Sinovac - CoronaVac,Coronavac,Sinovac,2/3/2021,4/1/2021,,,REPORTING
VEN,Sinovac - CoronaVac,Coronavac,Sinovac,,,,,REPORTING
BGD,Sinovac - CoronaVac,Coronavac,Sinovac,6/6/2021,12/11/2021,,,REPORTING
UZB,Sinovac - CoronaVac,Coronavac,Sinovac,,10/20/2021,,,REPORTING
PRY,Sinovac - CoronaVac,Coronavac,Sinovac,2/6/2021,3/10/2021,,,REPORTING
MDV,Sinovac - CoronaVac,Coronavac,Sinovac,3/14/2021,,,,REPORTING
JOR,Sinovac - CoronaVac,Coronavac,Sinovac,12/13/2020,1/13/2021,,,REPORTING
IRN,Sinovac - CoronaVac,Coronavac,Sinovac,,,,,REPORTING
SAU,Sinovac - CoronaVac,Coronavac,Sinovac,,,,,REPORTING
DZA,Sinovac - CoronaVac,Coronavac,Sinovac,3/31/2021,,,,REPORTING
RWA,Sinovac - CoronaVac,Coronavac,Sinovac,7/17/2021,,,,REPORTING
SDN,Sinovac - CoronaVac,Coronavac,Sinovac,2/20/2021,3/9/2021,,,REPORTING
KWT,Sinovac - CoronaVac,Coronavac,Sinovac,,,,,REPORTING
URY,Sinovac - CoronaVac,Coronavac,Sinovac,2/18/2021,2/27/2021,,,REPORTING
CHN,Sinovac - CoronaVac,Coronavac,Sinovac,7/22/2020,7/22/2020,,,REPORTING
QAT,Sinovac - CoronaVac,Coronavac,Sinovac,,,,,REPORTING
ALB,Sinovac - CoronaVac,Coronavac,Sinovac,,3/24/2021,,,REPORTING
LBY,Sinovac - CoronaVac,Coronavac,Sinovac,2/24/2021,4/11/2021,,,REPORTING
PAK,Sinovac - CoronaVac,Coronavac,Sinovac,1/20/2021,2/3/2021,,,REPORTING
PRT,Sinovac - CoronaVac,Coronavac,Sinovac,,12/23/2020,,,REPORTING
GNQ,Sinovac - CoronaVac,Coronavac,Sinovac,,2/12/2021,,,REPORTING
BWA,Sinovac - CoronaVac,Coronavac,Sinovac,4/8/2021,3/26/2021,,,REPORTING
SOM,Sinovac - CoronaVac,Coronavac,Sinovac,,,,,REPORTING
ARE,Sinovac - CoronaVac,Coronavac,Sinovac,,,,,REPORTING
MKD,Sinovac - CoronaVac,Coronavac,Sinovac,,6/16/2021,,,REPORTING
BRA,Sinovac - CoronaVac,Coronavac,Sinovac,1/17/2021,1/17/2021,,,REPORTING
UGA,Sinovac - CoronaVac,Coronavac,Sinovac,,,,,REPORTING
MDA,Sinovac - CoronaVac,Coronavac,Sinovac,,5/12/2021,,,REPORTING
AFG,Sinovac - CoronaVac,Coronavac,Sinovac,,,,,REPORTING
CHL,Sinovac - CoronaVac,Coronavac,Sinovac,1/20/2021,2/3/2021,,,REPORTING
IRQ,Sinovac - CoronaVac,Coronavac,Sinovac,,,,,REPORTING
BHR,Sinovac - CoronaVac,Coronavac,Sinovac,,,,,REPORTING
THA,Sinovac - CoronaVac,Coronavac,Sinovac,2/22/2021,2/28/2021,,,REPORTING
EGY,Sinovac - CoronaVac,Coronavac,Sinovac,12/30/2020,1/24/2021,,,REPORTING
MAR,Sinovac - CoronaVac,Coronavac,Sinovac,,,,,REPORTING
ECU,Sinovac - CoronaVac,Coronavac,Sinovac,3/6/2021,3/8/2021,,,REPORTING
HUN,Sinovac - CoronaVac,Coronavac,Sinovac,,2/15/2021,,,REPORTING
TUN,Sinovac - CoronaVac,Coronavac,Sinovac,1/11/2021,3/13/2021,,,REPORTING
UKR,Sinovac - CoronaVac,Coronavac,Sinovac,,4/14/2021,,,REPORTING
MEX,Sinovac - CoronaVac,Coronavac,Sinovac,2/9/2021,2/22/2021,,,REPORTING
JAM,Sinovac - CoronaVac,Coronavac,Sinovac,,,,,REPORTING
IDN,Sinovac - CoronaVac,Coronavac,Sinovac,1/11/2021,1/13/2021,,,REPORTING
TJK,Sinovac - CoronaVac,Coronavac,Sinovac,,6/9/2021,,,REPORTING
KHM,Sinovac - CoronaVac,Coronavac,Sinovac,2/12/2021,4/1/2021,,,REPORTING
ZWE,Sinovac - CoronaVac,Coronavac,Sinovac,,2/18/2021,,,REPORTING
PSE,Sinovac - CoronaVac,Coronavac,Sinovac,1/25/2021,2/2/2021,,,REPORTING
DJI,Sinovac - CoronaVac,Coronavac,Sinovac,2/22/2021,3/15/2021,,,REPORTING
MYS,Sinovac - CoronaVac,Coronavac,Sinovac,3/2/2021,3/18/2021,,,REPORTING
AZE,Sinovac - CoronaVac,Coronavac,Sinovac,,1/20/2021,,,REPORTING
BEN,Sinovac - CoronaVac,Coronavac,Sinovac,2/26/2021,3/29/2021,,,REPORTING
FRA,Novavax-NUVAXOVID,NUVAXOVID,Novavax,,2/23/2022,,,REPORTING
SWE,Novavax-NUVAXOVID,NUVAXOVID,Novavax,,3/9/2022,,,REPORTING
PRI,Novavax-NUVAXOVID,NUVAXOVID,Novavax,,,,,REPORTING
DEU,Novavax-NUVAXOVID,NUVAXOVID,Novavax,,2/23/2022,,,REPORTING
IRL,Novavax-NUVAXOVID,NUVAXOVID,Novavax,,2/3/2021,,,REPORTING
LUX,Novavax-NUVAXOVID,NUVAXOVID,Novavax,,3/2/2022,,,REPORTING
NLD,Novavax-NUVAXOVID,NUVAXOVID,Novavax,,3/16/2022,,,REPORTING
PHL,Novavax-NUVAXOVID,NUVAXOVID,Novavax,,,,,REPORTING
SVN,Novavax-NUVAXOVID,NUVAXOVID,Novavax,,3/2/2022,,,REPORTING
CZE,Novavax-NUVAXOVID,NUVAXOVID,Novavax,,3/2/2022,,,REPORTING
CYP,Novavax-NUVAXOVID,NUVAXOVID,Novavax,,3/9/2022,,,REPORTING
ISL,Novavax-NUVAXOVID,NUVAXOVID,Novavax,,8/3/2022,,,REPORTING
CHE,Novavax-NUVAXOVID,NUVAXOVID,Novavax,,7/20/2022,,,REPORTING
NZL,Novavax-NUVAXOVID,NUVAXOVID,Novavax,,,,,REPORTING
CAN,Novavax-NUVAXOVID,NUVAXOVID,Novavax,,,,,REPORTING
MCO,Novavax-NUVAXOVID,NUVAXOVID,Novavax,,3/30/2022,,,REPORTING
BEL,Novavax-NUVAXOVID,NUVAXOVID,Novavax,,3/2/2022,,,REPORTING
EST,Novavax-NUVAXOVID,NUVAXOVID,Novavax,,3/9/2022,,,REPORTING
JPN,Novavax-NUVAXOVID,NUVAXOVID,Novavax,,,,,REPORTING
PRT,Novavax-NUVAXOVID,NUVAXOVID,Novavax,,1/20/2021,,,REPORTING
ITA,Novavax-NUVAXOVID,NUVAXOVID,Novavax,,2/2/2022,,,REPORTING
HRV,Novavax-NUVAXOVID,NUVAXOVID,Novavax,,3/2/2022,,,REPORTING
GLP,Novavax-NUVAXOVID,NUVAXOVID,Novavax,,,,,REPORTING
LVA,Novavax-NUVAXOVID,NUVAXOVID,Novavax,,3/2/2022,,,REPORTING
GRC,Novavax-NUVAXOVID,NUVAXOVID,Novavax,,10/13/2021,,,REPORTING
AUT,Novavax-NUVAXOVID,NUVAXOVID,Novavax,,2/23/2022,,,REPORTING
SVK,Novavax-NUVAXOVID,NUVAXOVID,Novavax,,3/9/2022,,,REPORTING
USA,Novavax-NUVAXOVID,NUVAXOVID,Novavax,,,,,REPORTING
KOR,Novavax-NUVAXOVID,NUVAXOVID,Novavax,,,,,REPORTING
POL,Novavax-NUVAXOVID,NUVAXOVID,Novavax,,6/9/2021,,,REPORTING
IDN,Novavax-NUVAXOVID,NUVAXOVID,Novavax,11/1/2021,12/6/2021,,,REPORTING
AUS,Novavax-NUVAXOVID,NUVAXOVID,Novavax,,,,,REPORTING
ETH,SII - Covishield,Covishield,Serum Institute of India,3/3/2021,3/13/2021,,,REPORTING
TGO,SII - Covishield,Covishield,Serum Institute of India,,3/10/2021,,,REPORTING
STP,SII - Covishield,Covishield,Serum Institute of India,2/21/2021,3/15/2021,,,REPORTING
AGO,SII - Covishield,Covishield,Serum Institute of India,,3/10/2021,,,REPORTING
ARM,SII - Covishield,Covishield,Serum Institute of India,,4/28/2021,,,REPORTING
MDG,SII - Covishield,Covishield,Serum Institute of India,3/26/2021,5/10/2021,,,REPORTING
SSD,SII - Covishield,Covishield,Serum Institute of India,3/1/2021,4/6/2021,,,REPORTING
ZMB,SII - Covishield,Covishield,Serum Institute of India,2/28/2021,4/14/2021,,,REPORTING
SYR,SII - Covishield,Covishield,Serum Institute of India,2/3/2021,4/1/2021,,,REPORTING
SUR,SII - Covishield,Covishield,Serum Institute of India,2/15/2021,2/23/2021,,,REPORTING
CIV,SII - Covishield,Covishield,Serum Institute of India,2/13/2021,3/1/2021,,,REPORTING
FJI,SII - Covishield,Covishield,Serum Institute of India,,4/6/2021,,,REPORTING
BRB,SII - Covishield,Covishield,Serum Institute of India,,1/8/2021,,,REPORTING
LAO,SII - Covishield,Covishield,Serum Institute of India,2/22/2021,4/2/2021,,,REPORTING
GIN,SII - Covishield,Covishield,Serum Institute of India,2/18/2021,3/5/2021,,,REPORTING
DOM,SII - Covishield,Covishield,Serum Institute of India,12/20/2020,2/16/2021,,,REPORTING
MLI,SII - Covishield,Covishield,Serum Institute of India,2/19/2021,3/31/2021,,,REPORTING
BTN,SII - Covishield,Covishield,Serum Institute of India,1/21/2021,3/27/2021,,,REPORTING
GMB,SII - Covishield,Covishield,Serum Institute of India,2/12/2021,3/10/2021,,,REPORTING
GHA,SII - Covishield,Covishield,Serum Institute of India,2/12/2021,3/2/2021,,,REPORTING
LKA,SII - Covishield,Covishield,Serum Institute of India,1/22/2021,1/29/2021,,,REPORTING
BFA,SII - Covishield,Covishield,Serum Institute of India,5/21/2021,6/2/2021,,,REPORTING
NIC,SII - Covishield,Covishield,Serum Institute of India,2/15/2021,4/6/2021,,,REPORTING
PNG,SII - Covishield,Covishield,Serum Institute of India,3/2/2021,5/5/2021,,,REPORTING
MDV,SII - Covishield,Covishield,Serum Institute of India,1/29/2021,2/1/2021,,,REPORTING
SLV,SII - Covishield,Covishield,Serum Institute of India,1/25/2021,4/12/2021,,,REPORTING
BLZ,SII - Covishield,Covishield,Serum Institute of India,2/15/2021,3/1/2021,,,REPORTING
BGD,SII - Covishield,Covishield,Serum Institute of India,1/7/2021,1/27/2021,,,REPORTING
UZB,SII - Covishield,Covishield,Serum Institute of India,,4/28/2021,,,REPORTING
MNG,SII - Covishield,Covishield,Serum Institute of India,1/10/2021,2/23/2021,,,REPORTING
NER,SII - Covishield,Covishield,Serum Institute of India,3/4/2021,3/29/2021,,,REPORTING
CMR,SII - Covishield,Covishield,Serum Institute of India,3/4/2021,4/12/2021,,,REPORTING
LCA,SII - Covishield,Covishield,Serum Institute of India,2/15/2021,2/17/2021,,,REPORTING
DZA,SII - Covishield,Covishield,Serum Institute of India,2/1/2021,,,,REPORTING
RWA,SII - Covishield,Covishield,Serum Institute of India,2/23/2021,3/5/2021,,,REPORTING
BHS,SII - Covishield,Covishield,Serum Institute of India,3/5/2021,3/14/2021,,,REPORTING
SDN,SII - Covishield,Covishield,Serum Institute of India,2/20/2021,3/9/2021,,,REPORTING
IND,SII - Covishield,Covishield,Serum Institute of India,1/3/2021,1/16/2021,,,REPORTING
HND,SII - Covishield,Covishield,Serum Institute of India,3/4/2021,5/22/2021,,,REPORTING
ATG,SII - Covishield,Covishield,Serum Institute of India,4/5/2021,7/12/2021,,,REPORTING
GNB,SII - Covishield,Covishield,Serum Institute of India,,4/2/2021,,,REPORTING
NPL,SII - Covishield,Covishield,Serum Institute of India,1/15/2021,1/27/2021,,,REPORTING
SLB,SII - Covishield,Covishield,Serum Institute of India,2/22/2021,3/23/2021,,,REPORTING
PAK,SII - Covishield,Covishield,Serum Institute of India,1/20/2021,2/3/2021,,,REPORTING
SYC,SII - Covishield,Covishield,Serum Institute of India,,1/10/2021,,,REPORTING
GTM,SII - Covishield,Covishield,Serum Institute of India,2/18/2021,3/3/2021,,,REPORTING
ALB,SII - Covishield,Covishield,Serum Institute of India,,4/21/2021,,,REPORTING
VCT,SII - Covishield,Covishield,Serum Institute of India,2/11/2021,2/14/2021,,,REPORTING
CAF,SII - Covishield,Covishield,Serum Institute of India,2/26/2021,3/19/2021,,,REPORTING
KEN,SII - Covishield,Covishield,Serum Institute of India,,3/5/2021,,,REPORTING
BOL,SII - Covishield,Covishield,Serum Institute of India,,,,,REPORTING
MWI,SII - Covishield,Covishield,Serum Institute of India,,3/11/2021,,,REPORTING
CAN,SII - Covishield,Covishield,Serum Institute of India,,,,,REPORTING
LBR,SII - Covishield,Covishield,Serum Institute of India,3/15/2021,4/1/2021,,,REPORTING
BRA,SII - Covishield,Covishield,Serum Institute of India,1/17/2021,1/17/2021,,,REPORTING
ARG,SII - Covishield,Covishield,Serum Institute of India,12/30/2020,2/21/2021,,,REPORTING
SEN,SII - Covishield,Covishield,Serum Institute of India,2/16/2021,2/23/2021,,,REPORTING
COD,SII - Covishield,Covishield,Serum Institute of India,2/26/2021,4/19/2021,,,REPORTING
NRU,SII - Covishield,Covishield,Serum Institute of India,3/2/2021,6/1/2021,,,REPORTING
SOM,SII - Covishield,Covishield,Serum Institute of India,2/22/2021,3/16/2021,,,REPORTING
ARE,SII - Covishield,Covishield,Serum Institute of India,,,,,REPORTING
NAM,SII - Covishield,Covishield,Serum Institute of India,3/5/2021,3/19/2021,,,REPORTING
SWZ,SII - Covishield,Covishield,Serum Institute of India,,3/19/2021,,,REPORTING
AFG,SII - Covishield,Covishield,Serum Institute of India,2/23/2021,2/22/2021,,,REPORTING
COM,SII - Covishield,Covishield,Serum Institute of India,,4/10/2021,,,REPORTING
BHR,SII - Covishield,Covishield,Serum Institute of India,,12/25/2020,,,REPORTING
GUY,SII - Covishield,Covishield,Serum Institute of India,,2/11/2021,,,REPORTING
BWA,SII - Covishield,Covishield,Serum Institute of India,2/26/2021,3/26/2021,,,REPORTING
COG,SII - Covishield,Covishield,Serum Institute of India,3/3/2021,3/23/2021,,,REPORTING
SLE,SII - Covishield,Covishield,Serum Institute of India,3/4/2021,3/15/2021,,,REPORTING
MUS,SII - Covishield,Covishield,Serum Institute of India,1/21/2021,1/26/2021,,,REPORTING
MOZ,SII - Covishield,Covishield,Serum Institute of India,3/4/2021,3/8/2021,,,REPORTING
UGA,SII - Covishield,Covishield,Serum Institute of India,,3/10/2021,,,REPORTING
TTO,SII - Covishield,Covishield,Serum Institute of India,2/15/2021,2/17/2021,,,REPORTING
JAM,SII - Covishield,Covishield,Serum Institute of India,2/15/2021,3/10/2021,,,REPORTING
GRD,SII - Covishield,Covishield,Serum Institute of India,2/12/2021,2/15/2021,,,REPORTING
DMA,SII - Covishield,Covishield,Serum Institute of India,2/9/2021,2/12/2021,,,REPORTING
TJK,SII - Covishield,Covishield,Serum Institute of India,,3/24/2021,,,REPORTING
KHM,SII - Covishield,Covishield,Serum Institute of India,2/12/2021,3/4/2021,,,REPORTING
THA,SII - Covishield,Covishield,Serum Institute of India,1/21/2021,3/16/2021,,,REPORTING
TLS,SII - Covishield,Covishield,Serum Institute of India,2/23/2021,4/7/2021,,,REPORTING
DJI,SII - Covishield,Covishield,Serum Institute of India,2/22/2021,3/15/2021,,,REPORTING
KNA,SII - Covishield,Covishield,Serum Institute of India,1/29/2021,2/22/2021,,,REPORTING
BEN,SII - Covishield,Covishield,Serum Institute of India,2/24/2021,3/29/2021,,,REPORTING
MRT,SII - Covishield,Covishield,Serum Institute of India,,3/26/2021,,,REPORTING
UKR,SII - Covishield,Covishield,Serum Institute of India,,2/24/2021,,,REPORTING
NGA,SII - Covishield,Covishield,Serum Institute of India,3/4/2021,3/5/2021,,,REPORTING
YEM,SII - Covishield,Covishield,Serum Institute of India,2/27/2021,4/20/2021,,,REPORTING
CPV,SII - Covishield,Covishield,Serum Institute of India,2/25/2021,3/18/2021,,,REPORTING
LSO,SII - Covishield,Covishield,Serum Institute of India,2/25/2021,3/10/2021,,,REPORTING
MMR,SII - Covishield,Covishield,Serum Institute of India,1/20/2021,1/27/2021,,,REPORTING
OMN,SII - Covishield,Covishield,Serum Institute of India,,,,,REPORTING
CUB,Finlay - Soberana Plus,Soberana Plus,Instituto Finlay de Vacunas,,,,,REPORTING
NIC,Finlay - Soberana Plus,Soberana Plus,Instituto Finlay de Vacunas,,10/26/2021,,,REPORTING
ARM,Gamaleya - Sputnik-Light,Sputnik-Light,Gamaleya Research Institute,,2/9/2022,,,REPORTING
YEM,Gamaleya - Sputnik-Light,Sputnik-Light,Gamaleya Research Institute,,,,,REPORTING
OMN,Gamaleya - Sputnik-Light,Sputnik-Light,Gamaleya Research Institute,,,,,REPORTING
PSE,Gamaleya - Sputnik-Light,Sputnik-Light,Gamaleya Research Institute,1/25/2021,2/2/2021,,,REPORTING
DJI,Gamaleya - Sputnik-Light,Sputnik-Light,Gamaleya Research Institute,,,,,REPORTING
AZE,Gamaleya - Sputnik-Light,Sputnik-Light,Gamaleya Research Institute,,3/2/2022,,,REPORTING
LAO,Gamaleya - Sputnik-Light,Sputnik-Light,Gamaleya Research Institute,10/1/2021,9/29/2021,,,REPORTING
JOR,Gamaleya - Sputnik-Light,Sputnik-Light,Gamaleya Research Institute,,,,,REPORTING
IRN,Gamaleya - Sputnik-Light,Sputnik-Light,Gamaleya Research Institute,,,,,REPORTING
SYR,Gamaleya - Sputnik-Light,Sputnik-Light,Gamaleya Research Institute,2/3/2021,4/1/2021,,,REPORTING
VEN,Gamaleya - Sputnik-Light,Sputnik-Light,Gamaleya Research Institute,,,,,REPORTING
LBN,Gamaleya - Sputnik-Light,Sputnik-Light,Gamaleya Research Institute,12/16/2020,2/14/2021,,,REPORTING
PHL,Gamaleya - Sputnik-Light,Sputnik-Light,Gamaleya Research Institute,8/20/2021,8/23/2021,,,REPORTING
PAK,Gamaleya - Sputnik-Light,Sputnik-Light,Gamaleya Research Institute,,,,,REPORTING
SAU,Gamaleya - Sputnik-Light,Sputnik-Light,Gamaleya Research Institute,,,,,REPORTING
SDN,Gamaleya - Sputnik-Light,Sputnik-Light,Gamaleya Research Institute,,,,,REPORTING
KWT,Gamaleya - Sputnik-Light,Sputnik-Light,Gamaleya Research Institute,,,,,REPORTING
UZB,Gamaleya - Sputnik-Light,Sputnik-Light,Gamaleya Research Institute,,12/15/2021,,,REPORTING
NIC,Gamaleya - Sputnik-Light,Sputnik-Light,Gamaleya Research Institute,,10/25/2021,,,REPORTING
SOM,Gamaleya - Sputnik-Light,Sputnik-Light,Gamaleya Research Institute,,,,,REPORTING
ARE,Gamaleya - Sputnik-Light,Sputnik-Light,Gamaleya Research Institute,,,,,REPORTING
BLR,Gamaleya - Sputnik-Light,Sputnik-Light,Gamaleya Research Institute,,10/6/2021,,,REPORTING
QAT,Gamaleya - Sputnik-Light,Sputnik-Light,Gamaleya Research Institute,,,,,REPORTING
LBY,Gamaleya - Sputnik-Light,Sputnik-Light,Gamaleya Research Institute,,,,,REPORTING
VCT,Gamaleya - Sputnik-Light,Sputnik-Light,Gamaleya Research Institute,,,,,REPORTING
EGY,Gamaleya - Sputnik-Light,Sputnik-Light,Gamaleya Research Institute,,,,,REPORTING
MAR,Gamaleya - Sputnik-Light,Sputnik-Light,Gamaleya Research Institute,,,,,REPORTING
TUN,Gamaleya - Sputnik-Light,Sputnik-Light,Gamaleya Research Institute,1/11/2021,3/13/2021,,,REPORTING
AFG,Gamaleya - Sputnik-Light,Sputnik-Light,Gamaleya Research Institute,,,,,REPORTING
IRQ,Gamaleya - Sputnik-Light,Sputnik-Light,Gamaleya Research Institute,,,,,REPORTING
BHR,Gamaleya - Sputnik-Light,Sputnik-Light,Gamaleya Research Institute,11/3/2020,11/4/2020,,,REPORTING
SYC,Julphar - Hayat-Vax,Hayat-Vax,,,,,,REPORTING
PRY,Julphar - Hayat-Vax,Hayat-Vax,,12/30/2020,5/24/2021,,,REPORTING
PHL,Julphar - Hayat-Vax,Hayat-Vax,,8/11/2021,8/25/2021,,,REPORTING
IRN,Shifa - COVIran Barakat,COVIran Barakat,,,,,,REPORTING
MCO,Novavax - Covavax,Covavax,,,3/30/2022,,,REPORTING
THA,SII - Covovax,Covovax,,4/27/2022,,,,REPORTING
IND,SII - Covovax,Covovax,,,,,,REPORTING
FRA,Moderna  Spikevax Bivalent Original/Omicron BA.1,Spikevax Bivalent Original/Omicron BA.1,,,9/28/2022,,,REPORTING
LUX,Moderna  Spikevax Bivalent Original/Omicron BA.1,Spikevax Bivalent Original/Omicron BA.1,,,9/14/2022,,,REPORTING
ITA,Moderna  Spikevax Bivalent Original/Omicron BA.1,Spikevax Bivalent Original/Omicron BA.1,,,2/9/2022,,,REPORTING
LVA,Moderna  Spikevax Bivalent Original/Omicron BA.1,Spikevax Bivalent Original/Omicron BA.1,,,9/14/2022,,,REPORTING
AUT,Moderna  Spikevax Bivalent Original/Omicron BA.1,Spikevax Bivalent Original/Omicron BA.1,,,2/10/2021,,,REPORTING
EST,Moderna  Spikevax Bivalent Original/Omicron BA.1,Spikevax Bivalent Original/Omicron BA.1,,,10/12/2022,,,REPORTING
PRT,Moderna  Spikevax Bivalent Original/Omicron BA.1,Spikevax Bivalent Original/Omicron BA.1,,,3/31/2021,,,REPORTING
CZE,Moderna  Spikevax Bivalent Original/Omicron BA.1,Spikevax Bivalent Original/Omicron BA.1,,,11/23/2022,,,REPORTING
CHE,Moderna  Spikevax Bivalent Original/Omicron BA.1,Spikevax Bivalent Original/Omicron BA.1,,,12/30/2020,,,REPORTING
FRA,Moderna  Spikevax Bivalent Original/Omicron BA.4/BA.5,Spikevax Bivalent Original/Omicron BA.4/BA.5,,,2/1/2023,,,REPORTING
ITA,Moderna  Spikevax Bivalent Original/Omicron BA.4/BA.5,Spikevax Bivalent Original/Omicron BA.4/BA.5,,,12/14/2022,,,REPORTING
EST,Moderna  Spikevax Bivalent Original/Omicron BA.4/BA.5,Spikevax Bivalent Original/Omicron BA.4/BA.5,,,1/18/2023,,,REPORTING
PRT,Moderna  Spikevax Bivalent Original/Omicron BA.4/BA.5,Spikevax Bivalent Original/Omicron BA.4/BA.5,,,8/4/2021,,,REPORTING
CZE,Moderna  Spikevax Bivalent Original/Omicron BA.4/BA.5,Spikevax Bivalent Original/Omicron BA.4/BA.5,,,1/25/2023,,,REPORTING
LUX,Pfizer BioNTech - Comirnaty Bivalent Original/Omicron BA.1,Comirnaty Bivalent Original/Omicron BA.1,,,9/7/2022,,,REPORTING
HUN,Pfizer BioNTech - Comirnaty Bivalent Original/Omicron BA.1,Comirnaty Bivalent Original/Omicron BA.1,,,9/7/2022,,,REPORTING
ITA,Pfizer BioNTech - Comirnaty Bivalent Original/Omicron BA.1,Comirnaty Bivalent Original/Omicron BA.1,,,1/5/2022,,,REPORTING
LVA,Pfizer BioNTech - Comirnaty Bivalent Original/Omicron BA.1,Comirnaty Bivalent Original/Omicron BA.1,,,9/14/2022,,,REPORTING
GRC,Pfizer BioNTech - Comirnaty Bivalent Original/Omicron BA.1,Comirnaty Bivalent Original/Omicron BA.1,,,9/28/2022,,,REPORTING
AUT,Pfizer BioNTech - Comirnaty Bivalent Original/Omicron BA.1,Comirnaty Bivalent Original/Omicron BA.1,,,12/30/2020,,,REPORTING
EST,Pfizer BioNTech - Comirnaty Bivalent Original/Omicron BA.1,Comirnaty Bivalent Original/Omicron BA.1,,,9/28/2022,,,REPORTING
PRT,Pfizer BioNTech - Comirnaty Bivalent Original/Omicron BA.1,Comirnaty Bivalent Original/Omicron BA.1,,,12/30/2020,,,REPORTING
CZE,Pfizer BioNTech - Comirnaty Bivalent Original/Omicron BA.1,Comirnaty Bivalent Original/Omicron BA.1,,,9/14/2022,,,REPORTING
CHE,Pfizer BioNTech - Comirnaty Bivalent Original/Omicron BA.1,Comirnaty Bivalent Original/Omicron BA.1,,,1/13/2021,,,REPORTING
NLD,Pfizer BioNTech - Comirnaty Bivalent Original/Omicron BA.1,Comirnaty Bivalent Original/Omicron BA.1,,,11/9/2022,,,REPORTING
FRA,Pfizer BioNTech - Comirnaty Bivalent Original/Omicron BA.4/BA.5,Comirnaty Bivalent Original/Omicron BA.4/BA.5,,,10/5/2022,,,REPORTING
LUX,Pfizer BioNTech - Comirnaty Bivalent Original/Omicron BA.4/BA.5,Comirnaty Bivalent Original/Omicron BA.4/BA.5,,,10/12/2022,,,REPORTING
AND,Pfizer BioNTech - Comirnaty Bivalent Original/Omicron BA.4/BA.5,Comirnaty Bivalent Original/Omicron BA.4/BA.5,,,3/22/2023,,,REPORTING
ITA,Pfizer BioNTech - Comirnaty Bivalent Original/Omicron BA.4/BA.5,Comirnaty Bivalent Original/Omicron BA.4/BA.5,,,9/28/2022,,,REPORTING
LVA,Pfizer BioNTech - Comirnaty Bivalent Original/Omicron BA.4/BA.5,Comirnaty Bivalent Original/Omicron BA.4/BA.5,,,10/5/2022,,,REPORTING
GRC,Pfizer BioNTech - Comirnaty Bivalent Original/Omicron BA.4/BA.5,Comirnaty Bivalent Original/Omicron BA.4/BA.5,,,10/5/2022,,,REPORTING
AUT,Pfizer BioNTech - Comirnaty Bivalent Original/Omicron BA.4/BA.5,Comirnaty Bivalent Original/Omicron BA.4/BA.5,,,1/13/2021,,,REPORTING
ALB,Pfizer BioNTech - Comirnaty Bivalent Original/Omicron BA.4/BA.5,Comirnaty Bivalent Original/Omicron BA.4/BA.5,,,3/29/2023,,,REPORTING
EST,Pfizer BioNTech - Comirnaty Bivalent Original/Omicron BA.4/BA.5,Comirnaty Bivalent Original/Omicron BA.4/BA.5,,,9/28/2022,,,REPORTING
PRT,Pfizer BioNTech - Comirnaty Bivalent Original/Omicron BA.4/BA.5,Comirnaty Bivalent Original/Omicron BA.4/BA.5,,,1/6/2021,,,REPORTING
CZE,Pfizer BioNTech - Comirnaty Bivalent Original/Omicron BA.4/BA.5,Comirnaty Bivalent Original/Omicron BA.4/BA.5,,,10/5/2022,,,REPORTING
NLD,Pfizer BioNTech - Comirnaty Bivalent Original/Omicron BA.4/BA.5,Comirnaty Bivalent Original/Omicron BA.4/BA.5,,,6/28/2023,,,REPORTING
DEU,Moderna  Spikevax Bivalent Original/Omicron  - Generic,Moderna  Spikevax Bivalent Original/Omicron  - Generic,,,9/14/2022,,,REPORTING
TJK,Moderna  Spikevax Bivalent Original/Omicron  - Generic,Moderna  Spikevax Bivalent Original/Omicron  - Generic,,,3/15/2023,,,REPORTING
SVN,Moderna  Spikevax Bivalent Original/Omicron  - Generic,Moderna  Spikevax Bivalent Original/Omicron  - Generic,,,12/21/2022,,,REPORTING
DEU,Pfizer BioNTech - Comirnaty Bivalent Original/Omicron - Generic,Pfizer BioNTech - Comirnaty Bivalent Original/Omicron - Generic,,,9/7/2022,,,REPORTING
TJK,Pfizer BioNTech - Comirnaty Bivalent Original/Omicron - Generic,Pfizer BioNTech - Comirnaty Bivalent Original/Omicron - Generic,,,4/19/2023,,,REPORTING
SVN,Pfizer BioNTech - Comirnaty Bivalent Original/Omicron - Generic,Pfizer BioNTech - Comirnaty Bivalent Original/Omicron - Generic,,,9/21/2022,,,REPORTING
